chr,phenotype,RSID,SNPtype,r2
4,FAw3,rs2278922,LD,0.918016
4,FAw3,rs2603187,IndSig,NA
4,FAw3,rs2278919,IndSig,NA
4,DHA,rs2278922,LD,0.918016
4,DHA,rs2603187,IndSig,NA
4,DHA,rs2278919,IndSig,NA
4,FAw6,rs2278922,LD,0.918016
4,LA,rs976002,LD,0.918016
7,FAw3,rs6951245,LD,0.984569
7,FAw3,rs75280240,LD,0.984969
7,FAw3,rs57068908,LD,0.983858
7,FAw3,rs11763020,LD,0.982293
7,FAw3,rs11763765,LD,0.983056
7,FAw3,rs1881128,LD,0.985665
7,FAw3,rs11766669,LD,0.984978
7,FAw3,rs11768895,LD,0.837147
7,FAw3,rs11764817,LD,0.820755
7,FAw3,rs112554101,LD,0.817632
7,FAw3,rs79067319,LD,0.983434
7,FAw3,rs74360401,LD,0.990354
7,FAw3,7:1067762:G:GC,LD,0.992667
7,FAw3,rs118132455,LD,0.990358
7,FAw3,rs78628466,LD,0.989587
7,FAw3,7:1069350:G:GC,LD,0.988329
7,FAw3,rs11768761,LD,0.988818
7,FAw3,rs76833820,LD,0.990358
7,FAw3,rs28703782,LD,0.821468
7,FAw3,rs28379681,LD,0.990358
7,FAw3,rs28399710,LD,0.990358
7,FAw3,rs28528096,LD,0.990358
7,FAw3,rs112425403,LD,0.961434
7,FAw3,rs74369356,LD,0.990335
7,FAw3,rs77083167,LD,0.990358
7,FAw3,rs199718264,LD,0.98275
7,FAw3,rs74347384,LD,0.98997
7,FAw3,rs78308415,LD,0.990357
7,FAw3,rs75493422,LD,0.990357
7,FAw3,rs118059236,LD,0.990357
7,FAw3,rs113858334,LD,0.990346
7,FAw3,rs79765398,LD,0.990357
7,FAw3,rs79443843,LD,0.990357
7,FAw3,rs113713890,LD,0.989955
7,FAw3,rs78896566,LD,0.990358
7,FAw3,rs79422648,LD,0.990358
7,FAw3,rs113119264,LD,0.990358
7,FAw3,rs140138013,LD,0.969919
7,FAw3,rs186044114,LD,0.979604
7,FAw3,rs145122769,LD,0.965108
7,FAw3,rs181094051,LD,0.98043
7,FAw3,rs185931365,LD,0.956149
7,FAw3,rs117800627,LD,0.982588
7,FAw3,rs76804143,LD,0.990357
7,FAw3,rs1997243,LD,0.987283
7,FAw3,rs77760339,LD,0.990358
7,FAw3,rs113575110,LD,0.989973
7,FAw3,rs1881123,LD,0.98997
7,FAw3,rs77569514,LD,0.990358
7,FAw3,7:1086351:A:AG,LD,0.990346
7,FAw3,rs11770909,LD,0.990318
7,FAw3,rs74785791,LD,0.990312
7,FAw3,rs74366004,LD,0.990308
7,FAw3,rs77702926,LD,0.990301
7,FAw3,rs78573577,LD,0.990299
7,FAw3,rs76129108,LD,0.990299
7,FAw3,rs78523927,LD,0.989911
7,FAw3,rs74652290,LD,0.989907
7,FAw3,rs78185558,LD,0.989907
7,FAw3,rs78158942,LD,0.990296
7,FAw3,rs2363286,LD,0.98874
7,FAw3,rs11764937,LD,0.944961
7,FAw3,rs79808627,LD,0.822995
7,FAw3,rs56048221,LD,0.814393
7,FAw3,rs77868187,LD,0.964288
7,FAw3,rs75016635,LD,0.96619
7,FAw3,rs113066613,LD,0.96619
7,FAw3,rs11763793,LD,0.966196
7,FAw3,rs11764748,LD,0.959798
7,FAw3,rs11763835,LD,0.965788
7,FAw3,rs78861357,LD,0.963495
7,FAw3,rs76713558,LD,0.965434
7,FAw3,rs79658522,LD,0.965388
7,FAw3,rs76525951,LD,0.965813
7,FAw3,rs79683221,LD,0.966196
7,FAw3,rs78185801,LD,0.966203
7,FAw3,rs80031817,LD,0.966203
7,FAw3,rs78143408,LD,0.965058
7,FAw3,rs78351779,LD,0.966203
7,FAw3,rs11761941,LD,0.965809
7,FAw3,rs11767527,LD,0.966203
7,FAw3,rs61910751,LD,0.963906
7,FAw3,rs77434655,LD,0.963867
7,FAw3,rs75398423,LD,0.966196
7,FAw3,rs112309216,LD,0.965818
7,FAw3,rs76161580,LD,0.965818
7,FAw3,rs76388414,LD,0.965812
7,FAw3,rs77305932,LD,0.965824
7,FAw3,rs79788515,LD,0.963901
7,FAw3,rs11768486,LD,0.96581
7,FAw3,rs11766526,LD,0.96581
7,FAw3,rs76214082,LD,0.965798
7,FAw3,rs75488469,LD,0.965418
7,FAw3,rs34409228,LD,0.774201
7,FAw3,rs80094748,LD,0.96581
7,FAw3,rs113146460,LD,0.965416
7,FAw3,rs61753396,LD,0.965035
7,FAw3,rs113642700,LD,0.96581
7,FAw3,rs149125341,LD,0.964613
7,FAw3,rs553221139,LD,0.952622
7,FAw3,rs111705570,LD,0.965792
7,FAw3,rs79327308,LD,0.965403
7,FAw3,rs117729148,LD,0.965403
7,FAw3,rs113221697,LD,0.965792
7,FAw3,rs113365567,LD,0.965792
7,FAw3,rs113448118,LD,0.964469
7,FAw3,rs79143504,LD,0.962497
7,FAw3,rs574980713,LD,0.962332
7,FAw3,rs111161354,LD,0.959346
7,FAw3,rs532319453,LD,0.962462
7,FAw3,rs558665380,LD,0.962462
7,FAw3,rs190638559,LD,0.962462
7,FAw3,7:1110544:G:GCA,LD,0.959255
7,FAw3,rs74887741,LD,0.966139
7,FAw3,rs79617366,LD,0.965377
7,FAw3,rs111899361,LD,0.964987
7,FAw3,rs80212261,LD,0.956597
7,FAw3,rs77346188,LD,0.956597
7,FAw3,rs77943789,LD,0.852068
7,FAw3,rs10266519,LD,0.85201
7,FAw3,rs74976697,LD,0.810454
7,FAw3,rs28600085,LD,0.805939
7,FAw3,rs28483034,LD,0.810104
7,FAw3,rs10265736,LD,0.808105
7,FAw3,rs10265758,LD,0.805939
7,FAw3,rs10227709,LD,0.639585
7,FAw3,rs28522260,LD,0.801999
7,FAw3,rs1133122,LD,0.799112
7,FAw3,rs11763865,LD,0.601783
7,FAw3,rs1133116,LD,0.794667
7,FAw3,rs143202029,LD,0.796141
7,FAw3,rs28685743,LD,0.701722
7,FAw3,rs111527555,LD,0.75524
7,FAw3,rs775858655,LD,0.762447
7,FAw3,rs10252404,LD,0.755292
7,FAw3,rs10256720,LD,0.755881
7,FAw3,rs142786506,LD,0.691383
7,FAw3,rs766511798,LD,0.758034
7,FAw3,rs10257426,LD,0.64272
7,FAw3,rs10275401,LD,0.685972
7,FAw3,rs4724725,LD,0.753335
7,FAw3,rs80116805,LD,0.690136
7,FAw3,rs6952546,LD,0.865974
7,FAw3,rs113184427,LD,0.868946
7,FAw3,rs113766238,LD,0.868951
7,FAw3,rs79672483,LD,0.872639
7,FAw3,rs113464035,LD,0.876273
7,DHA,rs6951245,LD,0.984569
7,DHA,rs75280240,LD,0.984969
7,DHA,rs57068908,LD,0.983858
7,DHA,rs11763020,LD,0.982293
7,DHA,rs11763765,LD,0.983056
7,DHA,rs1881128,LD,0.985665
7,DHA,rs11766669,LD,0.984978
7,DHA,rs11768895,LD,0.837147
7,DHA,rs11764817,LD,0.820755
7,DHA,rs112554101,LD,0.817632
7,DHA,rs79067319,LD,0.983434
7,DHA,rs74360401,LD,0.990354
7,DHA,7:1067762:G:GC,LD,0.992667
7,DHA,rs118132455,LD,0.990358
7,DHA,rs78628466,LD,0.989587
7,DHA,7:1069350:G:GC,LD,0.988329
7,DHA,rs11768761,LD,0.988818
7,DHA,rs76833820,LD,0.990358
7,DHA,rs28703782,LD,0.821468
7,DHA,rs28379681,LD,0.990358
7,DHA,rs28399710,LD,0.990358
7,DHA,rs28528096,LD,0.990358
7,DHA,rs112425403,LD,0.961434
7,DHA,rs74369356,LD,0.990335
7,DHA,rs77083167,LD,0.990358
7,DHA,rs199718264,LD,0.98275
7,DHA,rs74347384,LD,0.98997
7,DHA,rs78308415,LD,0.990357
7,DHA,rs75493422,LD,0.990357
7,DHA,rs118059236,LD,0.990357
7,DHA,rs113858334,LD,0.990346
7,DHA,rs79765398,LD,0.990357
7,DHA,rs79443843,LD,0.990357
7,DHA,rs113713890,LD,0.989955
7,DHA,rs78896566,LD,0.990358
7,DHA,rs79422648,LD,0.990358
7,DHA,rs113119264,LD,0.990358
7,DHA,rs140138013,LD,0.969919
7,DHA,rs186044114,LD,0.979604
7,DHA,rs145122769,LD,0.965108
7,DHA,rs181094051,LD,0.98043
7,DHA,rs185931365,LD,0.956149
7,DHA,rs117800627,LD,0.982588
7,DHA,rs76804143,LD,0.990357
7,DHA,rs1997243,LD,0.987283
7,DHA,rs77760339,LD,0.990358
7,DHA,rs113575110,LD,0.989973
7,DHA,rs1881123,LD,0.98997
7,DHA,rs77569514,LD,0.990358
7,DHA,7:1086351:A:AG,LD,0.990346
7,DHA,rs11770909,LD,0.990318
7,DHA,rs74785791,LD,0.990312
7,DHA,rs74366004,LD,0.990308
7,DHA,rs77702926,LD,0.990301
7,DHA,rs78573577,LD,0.990299
7,DHA,rs76129108,LD,0.990299
7,DHA,rs78523927,LD,0.989911
7,DHA,rs74652290,LD,0.989907
7,DHA,rs78185558,LD,0.989907
7,DHA,rs78158942,LD,0.990296
7,DHA,rs2363286,LD,0.98874
7,DHA,rs11764937,LD,0.944961
7,DHA,rs79808627,LD,0.822995
7,DHA,rs56048221,LD,0.814393
7,DHA,rs77868187,LD,0.964288
7,DHA,rs75016635,LD,0.96619
7,DHA,rs113066613,LD,0.96619
7,DHA,rs11763793,LD,0.966196
7,DHA,rs11764748,LD,0.959798
7,DHA,rs11763835,LD,0.965788
7,DHA,rs78861357,LD,0.963495
7,DHA,rs76713558,LD,0.965434
7,DHA,rs79658522,LD,0.965388
7,DHA,rs76525951,LD,0.965813
7,DHA,rs79683221,LD,0.966196
7,DHA,rs78185801,LD,0.966203
7,DHA,rs80031817,LD,0.966203
7,DHA,rs78143408,LD,0.965058
7,DHA,rs78351779,LD,0.966203
7,DHA,rs11761941,LD,0.965809
7,DHA,rs11767527,LD,0.966203
7,DHA,rs61910751,LD,0.963906
7,DHA,rs77434655,LD,0.963867
7,DHA,rs75398423,LD,0.966196
7,DHA,rs112309216,LD,0.965818
7,DHA,rs76161580,LD,0.965818
7,DHA,rs76388414,LD,0.965812
7,DHA,rs77305932,LD,0.965824
7,DHA,rs79788515,LD,0.963901
7,DHA,rs11768486,LD,0.96581
7,DHA,rs11766526,LD,0.96581
7,DHA,rs76214082,LD,0.965798
7,DHA,rs75488469,LD,0.965418
7,DHA,rs34409228,LD,0.774201
7,DHA,rs80094748,LD,0.96581
7,DHA,rs113146460,LD,0.965416
7,DHA,rs61753396,LD,0.965035
7,DHA,rs113642700,LD,0.96581
7,DHA,rs149125341,LD,0.964613
7,DHA,rs553221139,LD,0.952622
7,DHA,rs111705570,LD,0.965792
7,DHA,rs79327308,LD,0.965403
7,DHA,rs117729148,LD,0.965403
7,DHA,rs113221697,LD,0.965792
7,DHA,rs113365567,LD,0.965792
7,DHA,rs113448118,LD,0.964469
7,DHA,rs79143504,LD,0.962497
7,DHA,rs574980713,LD,0.962332
7,DHA,rs111161354,LD,0.959346
7,DHA,rs532319453,LD,0.962462
7,DHA,rs558665380,LD,0.962462
7,DHA,rs190638559,LD,0.962462
7,DHA,7:1110544:G:GCA,LD,0.959255
7,DHA,rs74887741,LD,0.966139
7,DHA,rs79617366,LD,0.965377
7,DHA,rs111899361,LD,0.964987
7,DHA,rs80212261,LD,0.956597
7,DHA,rs77346188,LD,0.956597
7,DHA,rs77943789,LD,0.852068
7,DHA,rs10266519,LD,0.85201
7,DHA,rs74976697,LD,0.810454
7,DHA,rs28600085,LD,0.805939
7,DHA,rs28483034,LD,0.810104
7,DHA,rs10265736,LD,0.808105
7,DHA,rs10265758,LD,0.805939
7,DHA,rs10227709,LD,0.639585
7,DHA,rs28522260,LD,0.801999
7,DHA,rs1133122,LD,0.799112
7,DHA,rs11763865,LD,0.601783
7,DHA,rs1133116,LD,0.794667
7,DHA,rs143202029,LD,0.796141
7,DHA,rs28685743,LD,0.701722
7,DHA,rs111527555,LD,0.75524
7,DHA,rs775858655,LD,0.762447
7,DHA,rs10252404,LD,0.755292
7,DHA,rs10256720,LD,0.755881
7,DHA,rs142786506,LD,0.691383
7,DHA,rs766511798,LD,0.758034
7,DHA,rs10257426,LD,0.64272
7,DHA,rs10275401,LD,0.685972
7,DHA,rs4724725,LD,0.753335
7,DHA,rs80116805,LD,0.690136
7,DHA,rs6952546,LD,0.865974
7,DHA,rs113184427,LD,0.868946
7,DHA,rs113766238,LD,0.868951
7,DHA,rs79672483,LD,0.872639
7,DHA,rs113464035,LD,0.876273
7,FAw6,rs13226702,LD,0.7997
7,FAw6,rs10262866,LD,0.794594
7,FAw6,rs12701220,LD,0.859268
7,FAw6,rs9638882,LD,0.835167
7,FAw6,rs3735683,LD,0.691156
7,FAw6,rs3808348,LD,0.835424
7,FAw6,rs12701278,LD,0.860011
7,FAw6,rs10236293,LD,0.861762
7,FAw6,rs1007765,LD,0.861762
7,FAw6,rs34574938,LD,0.81262
7,FAw6,rs2141274,LD,0.954322
7,FAw6,rs34712249,LD,0.952168
7,FAw6,rs8591,LD,0.954597
7,FAw6,rs12701348,LD,0.954565
7,FAw6,rs10257744,LD,0.953688
7,FAw6,rs12701389,LD,0.944559
7,FAw6,rs10272002,LD,0.959252
7,FAw6,rs10263252,LD,0.954519
7,FAw6,rs12701406,LD,0.954852
7,FAw6,7:1050840:A:AGACACG,LD,0.942056
7,FAw6,rs12539012,LD,0.95546
7,FAw6,rs13224488,LD,0.955195
7,FAw6,rs12701432,LD,0.954867
7,FAw6,rs13242971,LD,0.961655
7,FAw6,rs66489218,LD,0.601706
7,FAw6,rs12701499,LD,0.689242
7,FAw6,rs1057558,LD,0.950236
7,FAw6,rs10243973,LD,0.949819
7,FAw6,rs12534778,LD,0.980432
7,FAw6,rs2362529,LD,0.984672
7,FAw6,rs869412,LD,0.921725
7,FAw6,rs2030958,LD,0.988264
7,FAw6,rs2885526,LD,0.935053
7,FAw6,rs148706042,LD,0.940161
7,FAw6,rs9801453,LD,0.870437
7,FAw6,rs12690826,LD,0.978463
7,FAw6,rs11970826,LD,0.947901
7,FAw6,rs10275712,LD,0.991005
7,FAw6,7:1084099:C:CG,LD,0.950333
7,FAw6,rs59471534,LD,0.961115
7,FAw6,rs1058727,LD,0.960081
7,FAw6,rs1058729,LD,0.959309
7,FAw6,rs7798459,LD,0.96193
7,FAw6,rs12701708,LD,0.993733
7,FAw6,rs12701710,LD,0.994626
7,FAw6,rs12701736,LD,0.790862
7,FAw6,rs10247470,LD,0.944898
7,FAw6,rs12533004,LD,0.728502
7,FAw6,rs12530960,LD,0.72856
7,FAw6,rs1881124,LD,0.729025
7,FAw6,rs2293523,LD,0.728653
7,FAw6,7:1099207:G:GCGGTTC,LD,0.71763
7,FAw6,rs4391332,LD,0.727608
7,FAw6,rs12701824,LD,0.728391
7,FAw6,7:1103735:C:CACAT,LD,0.726215
7,FAw6,rs6956753,LD,0.726336
7,FAw6,rs6957866,LD,0.721419
7,FAw6,rs6973645,LD,0.720964
7,FAw6,rs35468929,LD,0.721675
7,FAw6,rs34653033,LD,0.721675
7,FAw6,rs12535516,LD,0.72191
7,FAw6,rs12536282,LD,0.720477
7,FAw6,rs12532837,LD,0.640946
7,FAw6,rs12701994,LD,0.621483
7,FAw6,rs12701995,LD,0.619554
7,FAw6,rs149305678,LD,0.760407
7,FAw6,rs9638973,LD,0.760322
7,FAw6,rs9639882,LD,0.760441
7,FAw6,rs10215292,LD,0.760984
7,FAw6,rs34904312,LD,0.760928
7,FAw6,7:1137155:A:AAG,LD,0.761127
7,FAw6,rs12112029,LD,0.761263
7,FAw6,rs9655452,LD,0.760864
7,FAw6,rs11489405,LD,0.762175
7,FAw6,rs7799656,LD,0.763362
7,FAw6,rs34696066,LD,0.763039
7,FAw6,rs7778968,LD,0.738197
7,FAw6,rs10241018,LD,0.738175
7,FAw6,rs12702117,LD,0.733646
7,FAw6,rs34344742,LD,0.733632
7,FAw6,rs12702122,LD,0.734021
7,FAw6,rs6955290,LD,0.735038
7,FAw6,rs7784403,LD,0.733858
7,FAw6,rs10282688,LD,0.721657
7,FAw6,rs7782024,LD,0.733949
7,FAw6,rs6463317,LD,0.731884
7,FAw6,rs7803208,LD,0.671582
7,FAw6,rs758983967,LD,0.698951
7,FAw6,rs9769088,IndSig,NA
7,LA,rs10260300,LD,0.604128
7,LA,rs10253153,LD,0.627755
7,LA,rs10270632,LD,0.600402
7,LA,rs10274383,LD,0.628617
7,LA,rs7777565,LD,0.629152
7,LA,rs7777700,LD,0.628747
7,LA,rs35588238,LD,0.630572
7,LA,rs10499317,LD,0.630572
7,LA,rs13226702,LD,0.765805
7,LA,rs10262866,LD,0.760608
7,LA,rs12701220,LD,0.825514
7,LA,rs9638882,LD,0.800635
7,LA,rs3735683,LD,0.662052
7,LA,rs3808348,LD,0.803603
7,LA,rs12701278,LD,0.830108
7,LA,rs10236293,LD,0.826842
7,LA,rs1007765,LD,0.826842
7,LA,rs34574938,LD,0.781932
7,LA,rs2141274,LD,0.915785
7,LA,rs34712249,LD,0.914766
7,LA,rs8591,LD,0.916897
7,LA,rs12701348,LD,0.916843
7,LA,rs10257744,LD,0.916028
7,LA,rs12701389,LD,0.907992
7,LA,rs10272002,LD,0.921274
7,LA,rs10263252,LD,0.91535
7,LA,rs12701406,LD,0.916865
7,LA,7:1050840:A:AGACACG,LD,0.903883
7,LA,rs12539012,LD,0.917163
7,LA,rs13224488,LD,0.916939
7,LA,rs12701432,LD,0.915732
7,LA,rs13242971,LD,0.915408
7,LA,rs12701499,LD,0.639534
7,LA,rs1057558,LD,0.904626
7,LA,rs10243973,LD,0.90481
7,LA,rs12534778,LD,0.933231
7,LA,rs2362529,LD,0.933321
7,LA,rs869412,LD,1
7,LA,rs2030958,LD,0.931196
7,LA,rs2885526,LD,0.880894
7,LA,rs148706042,LD,0.885861
7,LA,rs9801453,LD,0.815668
7,LA,rs12690826,LD,0.918862
7,LA,rs11970826,LD,0.890145
7,LA,rs10275712,LD,0.931027
7,LA,7:1084099:C:CG,LD,0.888655
7,LA,rs59471534,LD,0.898952
7,LA,rs1058727,LD,0.896198
7,LA,rs1058729,LD,0.900041
7,LA,rs7798459,LD,0.898446
7,LA,rs12701708,LD,0.927983
7,LA,rs12701710,LD,0.927087
7,LA,rs12701713,LD,0.921725
7,LA,rs12701736,LD,0.736742
7,LA,rs10247470,LD,0.885663
7,LA,rs12533004,LD,0.681149
7,LA,rs12530960,LD,0.681642
7,LA,rs1881124,LD,0.68167
7,LA,rs2293523,LD,0.680121
7,LA,7:1099207:G:GCGGTTC,LD,0.669211
7,LA,rs4391332,LD,0.680154
7,LA,rs12701824,LD,0.677076
7,LA,7:1103735:C:CACAT,LD,0.679962
7,LA,rs6956753,LD,0.680086
7,LA,rs6957866,LD,0.674872
7,LA,rs6973645,LD,0.674409
7,LA,rs35468929,LD,0.675451
7,LA,rs34653033,LD,0.675451
7,LA,rs12535516,LD,0.674207
7,LA,rs12536282,LD,0.674493
7,LA,rs149305678,LD,0.704294
7,LA,rs9638973,LD,0.704781
7,LA,rs9639882,LD,0.705655
7,LA,rs10215292,LD,0.706107
7,LA,rs34904312,LD,0.70606
7,LA,7:1137155:A:AAG,LD,0.706613
7,LA,rs12112029,LD,0.705643
7,LA,rs9655452,LD,0.705198
7,LA,rs11489405,LD,0.707314
7,LA,rs7799656,LD,0.707648
7,LA,rs34696066,LD,0.708097
7,LA,rs7778968,LD,0.683333
7,LA,rs10241018,LD,0.683326
7,LA,rs12702117,LD,0.679646
7,LA,rs34344742,LD,0.679629
7,LA,rs12702122,LD,0.679926
7,LA,rs6955290,LD,0.680101
7,LA,rs7784403,LD,0.680139
7,LA,rs10282688,LD,0.666827
7,LA,rs7782024,LD,0.681217
7,LA,rs6463317,LD,0.677702
7,LA,rs7803208,LD,0.623982
7,LA,rs758983967,LD,0.6463
7,LA,rs10951261,LD,0.619197
7,LA,rs12154936,LD,0.621373
,,,,
,,,,
,,,,
,,,,