p1	p2	rg	se	z	p	h2_obs	h2_obs_se	h2_int	h2_int_se	gcov_int	gcov_int_se
AD_30482948	AD_30482948	1.0001	2.3449e-05	42648.1321	0.0	0.0941	0.0197	1.0184	0.0062	1.0184	0.0062
AD_30482948	AUDIT_C_30336701	0.3335	0.087	3.8322	0.0001	0.0826	0.0054	1.001	0.0082	0.0033	0.0048
AD_30482948	AUDIT_P_30336701	0.6216	0.1155	5.3797	7.4593e-08	0.0583	0.0049	1.0073	0.0076	0.0068	0.0051
AD_30482948	AUDIT_T_30336701	0.4115	0.0888	4.6317	3.6276e-06	0.0913	0.0056	1.0034	0.0083	0.005	0.005
AD_30482948	DHA	0.0818	0.067	1.2197	0.2226	0.1331	0.0282	1.043	0.0416	-0.0011	0.0053
AD_30482948	DHA_TFAP	0.1098	0.07	1.5701	0.1164	0.1424	0.0289	1.0139	0.0295	0.0027	0.0056
AD_30482948	INS_ukb-b-3957	0.2981	0.0636	4.6866	2.7774e-06	0.0632	0.0023	1.0213	0.0103	0.009	0.0059
AD_30482948	LA	0.0727	0.0651	1.1157	0.2646	0.1736	0.035	1.0263	0.0378	-0.0082	0.0052
AD_30482948	LA_TFAP	0.1623	0.0742	2.1872	0.0287	0.1295	0.0274	1.0237	0.0208	0.0032	0.0055
AD_30482948	NE_33753719	0.34	0.0626	5.4318	5.5787e-08	0.1131	0.0046	1.0068	0.0133	0.0105	0.0061
AD_30482948	Omega-3	0.1181	0.0659	1.7929	0.073	0.162	0.033	1.0494	0.0491	-0.0038	0.005
AD_30482948	Omega-3_TFAP	0.1875	0.0742	2.5286	0.0115	0.1275	0.0245	1.0507	0.06	-4.4274e-06	0.0051
AD_30482948	Omega-6_Omega-3_ratio	-0.1533	0.0738	-2.0779	0.0377	0.1307	0.0255	1.0557	0.0576	0.0026	0.0051
AD_30482948	Omega-6	0.0188	0.0651	0.2896	0.7721	0.1725	0.0349	1.032	0.038	-0.0076	0.0053
AD_30482948	Omega-6_TFAP	0.0655	0.0731	0.8967	0.3699	0.1482	0.025	1.0233	0.0215	0.0083	0.0056
AD_30482948	PUFAs	0.0441	0.0621	0.7097	0.4779	0.1889	0.0369	1.0325	0.0383	-0.0072	0.0052
AD_30482948	PUFA_TFAP	0.136	0.0714	1.9046	0.0568	0.1581	0.0243	1.0158	0.0169	0.0077	0.0058
ADHD_30478444	AD_30482948	0.449	0.1004	4.4734	7.6996e-06	0.0901	0.0201	1.0207	0.007	0.0329	0.0059
ADHD_30478444	ADHD_30478444	1.0	5.1002e-08	1.9607e+07	0.0	0.2386	0.0153	1.033	0.0103	1.033	0.0103
ADHD_30478444	AN_28494655	-0.2454	0.0655	-3.7477	0.0002	0.2435	0.0379	1.0093	0.0084	0.0283	0.0061
ADHD_30478444	AN_31308545	-0.0059	0.0465	-0.1278	0.8983	0.1788	0.0118	1.0237	0.0113	0.1306	0.0079
ADHD_30478444	ANX_26754954	0.3019	0.1284	2.3507	0.0187	0.0635	0.0235	0.9997	0.0079	0.0038	0.0069
ADHD_30478444	ASD_28540026	-0.0144	0.0733	-0.1968	0.844	0.2494	0.0453	0.9962	0.0092	0.0104	0.0065
ADHD_30478444	ASD_30804558	0.3489	0.0511	6.8315	8.4043e-12	0.1959	0.0167	1.0094	0.0097	0.3631	0.0073
ADHD_30478444	AUDIT_C_30336701	-0.0992	0.0421	-2.3556	0.0185	0.0837	0.0059	0.998	0.0094	-0.0061	0.006
ADHD_30478444	AUDIT_P_30336701	0.2376	0.0504	4.7094	2.4840e-06	0.0588	0.0051	1.0061	0.0085	-0.0102	0.0063
ADHD_30478444	AUDIT_T_30336701	-0.0298	0.0418	-0.7127	0.4761	0.0927	0.0061	0.9993	0.0094	-0.0077	0.006
ADHD_30478444	BIP_21926972	0.0748	0.0601	1.2433	0.2138	0.4561	0.0443	1.0134	0.0112	0.0282	0.0079
ADHD_30478444	BIP_31043756	0.1196	0.0378	3.1674	0.0015	0.3254	0.0191	1.0491	0.0116	0.0402	0.0067
ADHD_30478444	BIP_34002096	0.2028	0.036	5.633	1.7706e-08	0.0681	0.003	1.047	0.0132	0.0666	0.0081
ADHD_30478444	CUD_33096046	0.5286	0.0569	9.2932	1.4970e-20	0.0176	0.0018	0.993	0.0082	0.0172	0.0065
ADHD_30478444	DHA	0.1477	0.0456	3.2428	0.0012	0.1232	0.0291	1.0611	0.0489	-0.0037	0.0071
ADHD_30478444	DHA_TFAP	0.1632	0.054	3.0215	0.0025	0.1379	0.0276	1.0222	0.0345	0.0059	0.0078
ADHD_30478444	INS_ukb-b-3957	0.3095	0.0325	9.5192	1.7456e-21	0.0626	0.0026	1.0264	0.0121	0.0004	0.0069
ADHD_30478444	INS_2020preprint	0.3734	0.0356	10.5003	8.6091e-26	0.0484	0.0022	1.0362	0.0101	0.0026	0.0067
ADHD_30478444	LA	0.0414	0.0407	1.0175	0.3089	0.1504	0.0456	1.0745	0.0719	-0.0133	0.0078
ADHD_30478444	LA_TFAP	0.1231	0.0478	2.5781	0.0099	0.1136	0.0321	1.0546	0.0439	0.0062	0.0068
ADHD_30478444	MDD_22472876	0.2661	0.088	3.0256	0.0025	0.1445	0.0302	1.0261	0.009	0.0274	0.0082
ADHD_30478444	MDD_29700475	0.539	0.0383	14.0857	4.6526e-45	0.0761	0.0048	0.9994	0.0108	0.1825	0.0075
ADHD_30478444	MDD_30718901	0.4553	0.0333	13.6758	1.4156e-42	0.0603	0.0026	1.0025	0.0129	0.0853	0.0083
ADHD_30478444	MooD_ukb-d-KRA_PSY_MOOD	0.2482	0.1005	2.4703	0.0135	0.0051	0.0014	1.0021	0.0077	-0.0119	0.0063
ADHD_30478444	NE_33753719	0.2395	0.0339	7.0641	1.6166e-12	0.1132	0.0054	1.0083	0.0156	0.0096	0.0075
ADHD_30478444	OCD_28761083	-0.1712	0.0756	-2.2645	0.0235	0.331	0.0542	0.9921	0.008	0.0088	0.0061
ADHD_30478444	OD_32099098	0.4138	0.1265	3.2717	0.0011	0.0494	0.0199	1.0366	0.0089	0.0219	0.0071
ADHD_30478444	Omega-3	0.0904	0.037	2.4432	0.0146	0.1564	0.035	1.058	0.0546	-0.0051	0.007
ADHD_30478444	Omega-3_TFAP	0.1476	0.0455	3.2438	0.0012	0.1204	0.0243	1.0621	0.0635	0.0042	0.0071
ADHD_30478444	Omega-6_Omega-3_ratio	-0.1208	0.0419	-2.8838	0.0039	0.1231	0.0261	1.0678	0.0613	0.0011	0.0068
ADHD_30478444	Omega-6	0.0132	0.0417	0.3158	0.7521	0.15	0.0455	1.0794	0.0712	-0.0122	0.0079
ADHD_30478444	Omega-6_TFAP	0.0734	0.0474	1.5501	0.1211	0.1422	0.0277	1.0364	0.0333	0.0133	0.0077
ADHD_30478444	PTSD_31594949	0.6511	0.0794	8.2041	2.3223e-16	0.0172	0.003	1.0226	0.0076	0.0373	0.0062
ADHD_30478444	PUFAs	0.0319	0.0387	0.8244	0.4097	0.1697	0.0451	1.0714	0.0647	-0.0114	0.0078
ADHD_30478444	PUFA_TFAP	0.1246	0.0492	2.5315	0.0114	0.153	0.0254	1.0267	0.0248	0.013	0.008
ADHD_30478444	SCZ_21926974	0.1471	0.0494	2.9764	0.0029	0.5393	0.0329	1.0347	0.0113	0.0193	0.0091
ADHD_30478444	SCZ_23974872	0.1249	0.0432	2.8889	0.0039	0.5066	0.03	1.0377	0.0111	0.0206	0.008
ADHD_30478444	SCZ_25056061	0.1257	0.036	3.4938	0.0005	0.4101	0.0182	1.0999	0.0149	0.0392	0.0089
ADHD_30478444	TS_30818990	0.2052	0.0536	3.8264	0.0001	0.3628	0.0448	1.0154	0.0089	0.0148	0.0064
ALZ_30617256	AD_30482948	0.4391	0.1645	2.6687	0.0076	0.0941	0.0197	1.0184	0.0062	-0.0021	0.0049
ALZ_30617256	ADHD_30478444	0.1432	0.0869	1.6482	0.0993	0.2386	0.0153	1.033	0.0103	0.0024	0.006
ALZ_30617256	ALZ_30617256	1.0	2.2640e-06	441689.9408	0.0	0.0083	0.0041	1.0483	0.051	1.0483	0.051
ALZ_30617256	ALZ_34493870	1.4577	0.1768	8.2431	1.6776e-16	0.0065	0.0036	1.0709	0.074	0.7574	0.0583
ALZ_30617256	AN_28494655	-0.0752	0.1243	-0.6051	0.5451	0.2392	0.0364	1.0102	0.0076	0.0062	0.0059
ALZ_30617256	AN_31308545	-0.0477	0.0823	-0.5796	0.5622	0.1814	0.012	1.0189	0.0109	0.006	0.0066
ALZ_30617256	ANX_26754954	0.0899	0.1822	0.4938	0.6215	0.0617	0.0221	1.0007	0.0065	0.0011	0.0054
ALZ_30617256	ASD_28540026	0.1027	0.0851	1.2078	0.2271	0.3466	0.0382	0.9657	0.0076	-0.0002	0.0052
ALZ_30617256	ASD_30804558	0.0203	0.0842	0.2414	0.8092	0.1957	0.0166	1.0095	0.0095	0.0005	0.0058
ALZ_30617256	AUDIT_C_30336701	0.0018	0.0741	0.0237	0.9811	0.0826	0.0053	1.0008	0.007	-0.0072	0.0056
ALZ_30617256	AUDIT_P_30336701	0.0798	0.0976	0.818	0.4133	0.0592	0.0047	1.0047	0.0066	0.0028	0.0052
ALZ_30617256	AUDIT_T_30336701	0.0184	0.0752	0.2453	0.8062	0.0908	0.0056	1.004	0.007	-0.0058	0.0057
ALZ_30617256	BIP_21926972	0.1726	0.071	2.4308	0.0151	0.4717	0.0406	1.0062	0.0102	-0.0049	0.006
ALZ_30617256	BIP_31043756	0.1512	0.0657	2.3001	0.0214	0.349	0.017	1.0223	0.0098	-0.0026	0.0067
ALZ_30617256	BIP_34002096	0.1277	0.0665	1.9208	0.0548	0.0699	0.003	1.0298	0.0116	0.0075	0.0058
ALZ_30617256	CUD_33096046	0.2308	0.0895	2.5793	0.0099	0.0177	0.0016	0.9907	0.0065	0.0005	0.0047
ALZ_30617256	DHA	0.0944	0.0857	1.1012	0.2708	0.136	0.03	1.0372	0.0339	-0.0093	0.0081
ALZ_30617256	DHA_TFAP	0.1195	0.0616	1.9397	0.0524	0.1464	0.0305	1.0059	0.0224	-0.0023	0.0053
ALZ_30617256	INS_ukb-b-3957	0.2071	0.064	3.2374	0.0012	0.0626	0.0024	1.0257	0.0092	0.0078	0.0056
ALZ_30617256	INS_2020preprint	0.2231	0.0775	2.8774	0.004	0.0479	0.0021	1.0388	0.0089	0.0075	0.0054
ALZ_30617256	LA	0.0769	0.1387	0.5546	0.5791	0.1653	0.0353	1.0429	0.0426	-0.0211	0.027
ALZ_30617256	LA_TFAP	0.1991	0.147	1.3543	0.1756	0.122	0.0287	1.038	0.0282	-0.0108	0.018
ALZ_30617256	MDD_22472876	0.062	0.0979	0.6329	0.5268	0.162	0.0299	1.0179	0.0086	0.0105	0.0058
ALZ_30617256	MDD_29700475	0.1615	0.0663	2.4351	0.0149	0.0761	0.0046	0.9984	0.0089	0.007	0.006
ALZ_30617256	MDD_30718901	0.1673	0.0617	2.7137	0.0067	0.061	0.0024	0.9944	0.01	0.0195	0.0051
ALZ_30617256	MooD_ukb-d-KRA_PSY_MOOD	0.0742	0.127	0.5841	0.5592	0.0059	0.0013	0.9959	0.0066	0.0008	0.0047
ALZ_30617256	NE_33753719	0.1018	0.054	1.8869	0.0592	0.1131	0.005	1.0066	0.0129	0.0198	0.006
ALZ_30617256	OCD_28761083	-0.1993	0.1288	-1.5472	0.1218	0.3195	0.0493	0.9944	0.0069	0.0062	0.005
ALZ_30617256	OD_32099098	0.4281	0.2727	1.5698	0.1165	0.0532	0.0205	1.0336	0.0092	-0.0028	0.0072
ALZ_30617256	Omega-3	0.0331	0.0706	0.4688	0.6392	0.1667	0.0347	1.0404	0.0391	-0.0061	0.0074
ALZ_30617256	Omega-3_TFAP	0.0875	0.0662	1.3203	0.1867	0.134	0.0282	1.038	0.0463	-0.002	0.0053
ALZ_30617256	Omega-6_Omega-3_ratio	-0.0298	0.0679	-0.4389	0.6608	0.1358	0.0289	1.0453	0.0449	0.0005	0.0063
ALZ_30617256	Omega-6	0.0577	0.1333	0.4326	0.6653	0.164	0.0357	1.0492	0.0432	-0.0219	0.0262
ALZ_30617256	Omega-6_TFAP	0.1612	0.0944	1.7076	0.0877	0.1431	0.0243	1.0336	0.0235	-0.0049	0.0089
ALZ_30617256	PTSD_31594949	0.1334	0.1168	1.1426	0.2532	0.0166	0.003	1.0241	0.0065	0.0104	0.0045
ALZ_30617256	PUFAs	0.0539	0.1201	0.449	0.6535	0.1819	0.0366	1.0463	0.0397	-0.0202	0.0237
ALZ_30617256	PUFA_TFAP	0.1809	0.0881	2.0524	0.0401	0.155	0.0232	1.0215	0.0178	-0.0052	0.0077
ALZ_30617256	SCZ_21926974	0.0911	0.0601	1.5152	0.1297	0.5487	0.0329	1.0288	0.011	0.0005	0.0077
ALZ_30617256	SCZ_23974872	0.1042	0.0507	2.0558	0.0398	0.5284	0.0279	1.0202	0.0096	-0.0035	0.0062
ALZ_30617256	SCZ_25056061	0.0932	0.0493	1.8915	0.0586	0.4441	0.0181	1.0403	0.0128	0.0099	0.0068
ALZ_30617256	TS_30818990	0.0107	0.0914	0.1174	0.9066	0.3611	0.0429	1.0156	0.0078	0.0098	0.005
ALZ_34493870	AD_30482948	0.2962	0.1351	2.1929	0.0283	0.0941	0.0197	1.0184	0.0062	-0.0003	0.0049
ALZ_34493870	ADHD_30478444	0.0914	0.0782	1.1682	0.2427	0.2385	0.0153	1.033	0.0103	-0.0029	0.0063
ALZ_34493870	ALZ_34493870	1.0	1.4440e-06	692509.1726	0.0	0.0065	0.0036	1.0701	0.0734	1.0701	0.0734
ALZ_34493870	AN_28494655	-0.0074	0.1091	-0.0683	0.9455	0.2396	0.0362	1.0101	0.0075	0.0063	0.006
ALZ_34493870	AN_31308545	0.0147	0.0827	0.1779	0.8588	0.1814	0.012	1.0189	0.0109	0.0046	0.007
ALZ_34493870	ANX_26754954	0.1182	0.1757	0.6726	0.5012	0.0613	0.022	1.0009	0.0065	0.0007	0.0056
ALZ_34493870	ASD_28540026	0.0843	0.0827	1.0185	0.3084	0.3475	0.0381	0.9654	0.0076	-0.002	0.0055
ALZ_34493870	ASD_30804558	0.0303	0.0896	0.3376	0.7357	0.1956	0.0166	1.0096	0.0095	-0.0058	0.0066
ALZ_34493870	AUDIT_C_30336701	0.0492	0.0703	0.6993	0.4844	0.0831	0.0053	0.9997	0.007	-0.0091	0.006
ALZ_34493870	AUDIT_P_30336701	0.0713	0.0866	0.8225	0.4108	0.0592	0.0047	1.0047	0.0066	0.0023	0.0054
ALZ_34493870	AUDIT_T_30336701	0.0544	0.0697	0.7805	0.4351	0.0914	0.0056	1.0029	0.007	-0.0074	0.006
ALZ_34493870	BIP_21926972	0.1862	0.0645	2.8894	0.0039	0.471	0.0405	1.0064	0.0102	-0.0066	0.0065
ALZ_34493870	BIP_31043756	0.1645	0.0633	2.5992	0.0093	0.349	0.017	1.0223	0.0098	-0.0053	0.0071
ALZ_34493870	BIP_34002096	0.1417	0.0706	2.0069	0.0448	0.0699	0.003	1.0299	0.0116	0.0076	0.0065
ALZ_34493870	CUD_33096046	0.147	0.0759	1.9375	0.0527	0.0178	0.0016	0.9905	0.0064	-0.0016	0.0045
ALZ_34493870	DHA	0.0252	0.0728	0.3467	0.7288	0.1354	0.0296	1.0383	0.0343	-0.0076	0.0089
ALZ_34493870	DHA_TFAP	0.0676	0.061	1.1077	0.268	0.1459	0.0302	1.0069	0.0231	-0.0022	0.0061
ALZ_34493870	INS_ukb-b-3957	0.0982	0.0503	1.953	0.0508	0.0626	0.0024	1.0258	0.0091	0.0089	0.0058
ALZ_34493870	INS_2020preprint	0.1182	0.0646	1.8314	0.067	0.048	0.0021	1.0386	0.0089	0.0073	0.006
ALZ_34493870	LA	0.0358	0.1298	0.2761	0.7825	0.1657	0.0352	1.0419	0.0418	-0.0208	0.0307
ALZ_34493870	LA_TFAP	0.1725	0.1481	1.1645	0.2442	0.1226	0.0286	1.037	0.028	-0.0167	0.0212
ALZ_34493870	MDD_22472876	0.129	0.0819	1.5754	0.1152	0.1623	0.0298	1.0178	0.0086	0.0056	0.0057
ALZ_34493870	MDD_29700475	0.0752	0.056	1.3442	0.1789	0.0762	0.0046	0.9983	0.0088	0.0094	0.0062
ALZ_34493870	MDD_30718901	0.0939	0.0511	1.8366	0.0663	0.0609	0.0024	0.9947	0.01	0.0189	0.0052
ALZ_34493870	MooD_ukb-d-KRA_PSY_MOOD	0.0989	0.1084	0.9118	0.3619	0.0058	0.0013	0.9961	0.0065	0.0021	0.0051
ALZ_34493870	NE_33753719	0.0682	0.051	1.3378	0.1809	0.1132	0.005	1.0062	0.0129	0.0121	0.0062
ALZ_34493870	OCD_28761083	-0.1938	0.1207	-1.6052	0.1085	0.3209	0.0492	0.9941	0.0069	0.0067	0.0053
ALZ_34493870	OD_32099098	0.2028	0.2053	0.9877	0.3233	0.0532	0.0205	1.0336	0.0092	-0.0032	0.007
ALZ_34493870	Omega-3	-0.028	0.0572	-0.4897	0.6243	0.1658	0.0342	1.0419	0.0398	-0.0022	0.0076
ALZ_34493870	Omega-3_TFAP	0.0163	0.0604	0.27	0.7871	0.1334	0.0276	1.039	0.0478	0.0012	0.006
ALZ_34493870	Omega-6_Omega-3_ratio	0.0333	0.0682	0.489	0.6248	0.1355	0.0283	1.0461	0.0462	-0.0044	0.0074
ALZ_34493870	Omega-6	0.0255	0.1255	0.2035	0.8388	0.1641	0.0355	1.0485	0.0424	-0.0226	0.0299
ALZ_34493870	Omega-6_TFAP	0.1661	0.0995	1.6687	0.0952	0.143	0.0242	1.0337	0.0233	-0.0129	0.0108
ALZ_34493870	PTSD_31594949	0.0426	0.1034	0.4123	0.6801	0.0167	0.003	1.0238	0.0064	0.0093	0.0049
ALZ_34493870	PUFAs	0.0129	0.1089	0.1184	0.9057	0.1817	0.0364	1.0462	0.039	-0.0197	0.0269
ALZ_34493870	PUFA_TFAP	0.1473	0.0872	1.6898	0.0911	0.1546	0.0231	1.0221	0.0177	-0.0106	0.0093
ALZ_34493870	SCZ_21926974	0.0917	0.054	1.6975	0.0896	0.5488	0.0329	1.0288	0.011	0.0051	0.0079
ALZ_34493870	SCZ_23974872	0.1258	0.0473	2.6596	0.0078	0.5286	0.0279	1.0201	0.0096	-0.0026	0.0064
ALZ_34493870	SCZ_25056061	0.1181	0.0503	2.3468	0.0189	0.444	0.0181	1.0404	0.0129	0.0105	0.0069
ALZ_34493870	TS_30818990	-0.0759	0.0841	-0.9017	0.3672	0.3619	0.0428	1.0154	0.0078	0.0115	0.0053
AN_28494655	AD_30482948	0.0465	0.1306	0.3558	0.722	0.095	0.0199	1.0181	0.007	0.0467	0.0049
AN_28494655	AN_28494655	1.0	1.5841e-06	631279.1513	0.0	0.2401	0.0362	1.01	0.0076	1.01	0.0076
AN_28494655	AN_31308545	0.9963	0.0545	18.2803	1.1882e-74	0.1784	0.0123	1.0238	0.0115	0.454	0.0072
AN_28494655	ANX_26754954	0.0818	0.1743	0.4696	0.6386	0.0614	0.0226	1.0009	0.0074	0.0096	0.0053
AN_28494655	ASD_28540026	0.0438	0.1014	0.4316	0.6661	0.3292	0.0397	0.9704	0.0078	0.0004	0.0051
AN_28494655	ASD_30804558	-0.082	0.0835	-0.9816	0.3263	0.1969	0.0173	1.0083	0.0103	0.0175	0.0063
AN_28494655	AUDIT_C_30336701	0.0647	0.0772	0.8379	0.4021	0.0831	0.0057	1.0	0.0084	-0.0077	0.0062
AN_28494655	AUDIT_P_30336701	0.0696	0.083	0.8389	0.4015	0.0585	0.005	1.0065	0.0075	-0.0061	0.0056
AN_28494655	AUDIT_T_30336701	0.0752	0.0738	1.0196	0.3079	0.0917	0.006	1.0024	0.0085	-0.0089	0.006
AN_28494655	BIP_21926972	0.1183	0.0814	1.4535	0.1461	0.4734	0.0415	1.0063	0.0108	0.0997	0.0066
AN_28494655	BIP_31043756	0.1892	0.0559	3.3852	0.0007	0.3459	0.0181	1.0262	0.0107	0.0871	0.0062
AN_28494655	BIP_34002096	0.2084	0.0516	4.0361	5.4356e-05	0.0694	0.0029	1.034	0.0115	0.0641	0.0056
AN_28494655	CUD_33096046	-0.1356	0.0774	-1.7514	0.0799	0.0187	0.0017	0.9842	0.007	0.0049	0.0052
AN_28494655	DHA	-0.1626	0.0751	-2.1638	0.0305	0.1338	0.0289	1.0404	0.0414	0.0073	0.0063
AN_28494655	DHA_TFAP	-0.1609	0.0696	-2.3113	0.0208	0.145	0.0291	1.0079	0.0285	0.0077	0.0059
AN_28494655	INS_ukb-b-3957	-0.006	0.0515	-0.1172	0.9067	0.0631	0.0025	1.0233	0.011	0.0005	0.0061
AN_28494655	INS_2020preprint	0.0101	0.0591	0.1707	0.8645	0.0478	0.0022	1.0415	0.0093	-0.0019	0.006
AN_28494655	LA	-0.042	0.0531	-0.7914	0.4287	0.1658	0.0389	1.0414	0.0531	-0.0025	0.0061
AN_28494655	LA_TFAP	-0.0595	0.0687	-0.8667	0.3861	0.1214	0.0298	1.0405	0.034	-0.0073	0.0053
AN_28494655	MDD_22472876	0.1742	0.1364	1.2767	0.2017	0.1558	0.0299	1.0204	0.0088	0.0979	0.0073
AN_28494655	MDD_29700475	0.1586	0.0697	2.2763	0.0228	0.077	0.0046	0.9956	0.0093	0.0452	0.0063
AN_28494655	MDD_30718901	0.2089	0.0558	3.7453	0.0002	0.0603	0.0026	1.002	0.0118	0.0254	0.0064
AN_28494655	MooD_ukb-d-KRA_PSY_MOOD	0.2119	0.1431	1.481	0.1386	0.0058	0.0013	0.9963	0.0073	-0.0001	0.005
AN_28494655	NE_33753719	0.2915	0.0504	5.7794	7.4976e-09	0.1134	0.0047	1.006	0.0135	0.0023	0.0061
AN_28494655	OCD_28761083	0.4812	0.1258	3.8264	0.0001	0.3201	0.0497	0.9939	0.0076	0.0124	0.0052
AN_28494655	OD_32099098	0.0056	0.1823	0.0305	0.9757	0.0503	0.0201	1.036	0.0092	0.0013	0.0065
AN_28494655	Omega-3	-0.1392	0.0683	-2.038	0.0416	0.1627	0.0339	1.0468	0.0477	0.0087	0.0061
AN_28494655	Omega-3_TFAP	-0.1878	0.0778	-2.413	0.0158	0.1287	0.0258	1.047	0.0568	0.0107	0.0059
AN_28494655	Omega-6_Omega-3_ratio	0.1932	0.0775	2.4935	0.0126	0.1305	0.0268	1.0546	0.0548	-0.0125	0.0059
AN_28494655	Omega-6	-0.0199	0.0544	-0.365	0.7151	0.1645	0.039	1.0474	0.0531	-0.0025	0.0062
AN_28494655	Omega-6_TFAP	0.0055	0.0646	0.0845	0.9327	0.1428	0.0252	1.0346	0.0273	-0.0077	0.0054
AN_28494655	PTSD_31594949	0.0509	0.1121	0.4541	0.6498	0.017	0.003	1.0231	0.007	0.0071	0.0049
AN_28494655	PUFAs	-0.0511	0.0543	-0.9421	0.3461	0.1829	0.0393	1.0434	0.0485	0.0007	0.0064
AN_28494655	PUFA_TFAP	-0.0728	0.0628	-1.1591	0.2464	0.1541	0.024	1.0239	0.0207	-0.0034	0.0056
AN_28494655	SCZ_21926974	0.2843	0.0679	4.1842	2.8622e-05	0.5551	0.0342	1.0263	0.0112	0.06	0.0074
AN_28494655	SCZ_23974872	0.2582	0.0591	4.366	1.2655e-05	0.5274	0.0294	1.0219	0.0105	0.0523	0.0066
AN_28494655	SCZ_25056061	0.218	0.0543	4.0185	5.8560e-05	0.442	0.019	1.0457	0.0137	0.0733	0.0069
AN_28494655	TS_30818990	0.0083	0.0971	0.0853	0.932	0.362	0.0413	1.0153	0.008	0.0069	0.0057
AN_31308545	AD_30482948	0.1237	0.0824	1.5017	0.1332	0.0872	0.0187	1.0232	0.0068	0.0258	0.0059
AN_31308545	AN_31308545	1.0	2.8187e-08	3.5478e+07	0.0	0.1815	0.012	1.0188	0.011	1.0188	0.011
AN_31308545	ANX_26754954	0.2353	0.1171	2.0101	0.0444	0.0654	0.0246	1.0004	0.0082	0.006	0.0071
AN_31308545	ASD_28540026	0.0377	0.0698	0.5396	0.5895	0.2973	0.0456	0.9821	0.0093	0.0073	0.0069
AN_31308545	ASD_30804558	0.0998	0.0565	1.7646	0.0776	0.2001	0.0171	1.0075	0.0104	0.1261	0.0084
AN_31308545	AUDIT_C_30336701	-0.0075	0.0441	-0.1704	0.8647	0.0875	0.006	0.9904	0.0092	-0.016	0.0071
AN_31308545	AUDIT_P_30336701	0.0268	0.0452	0.593	0.5532	0.0603	0.0055	1.0048	0.0085	0.0017	0.0068
AN_31308545	AUDIT_T_30336701	0.0092	0.0419	0.2188	0.8268	0.0968	0.0064	0.9913	0.0092	-0.0143	0.0072
AN_31308545	BIP_21926972	0.1312	0.0529	2.481	0.0131	0.4724	0.0438	1.0102	0.0118	0.0525	0.0083
AN_31308545	BIP_31043756	0.1356	0.0407	3.3332	0.0009	0.339	0.0194	1.0397	0.0125	0.0623	0.0075
AN_31308545	BIP_34002096	0.1964	0.0322	6.1	1.0607e-09	0.0686	0.0033	1.0483	0.0138	0.0714	0.0084
AN_31308545	CUD_33096046	0.0206	0.05	0.4126	0.6799	0.0187	0.0018	0.9855	0.0076	0.0115	0.0058
AN_31308545	DHA	-0.1334	0.0455	-2.9325	0.0034	0.1259	0.0273	1.0711	0.0628	0.0033	0.0076
AN_31308545	DHA_TFAP	-0.1356	0.0424	-3.1999	0.0014	0.1432	0.0278	1.0243	0.0442	0.0068	0.0071
AN_31308545	INS_ukb-b-3957	0.0654	0.0327	1.9993	0.0456	0.0644	0.0026	1.0187	0.0124	0.0021	0.0076
AN_31308545	INS_2020preprint	0.0853	0.0372	2.2941	0.0218	0.0498	0.0023	1.0342	0.0103	0.0011	0.0071
AN_31308545	LA	-0.0379	0.0411	-0.9209	0.3571	0.1521	0.0486	1.0877	0.0795	-0.0006	0.0073
AN_31308545	LA_TFAP	-0.0661	0.0434	-1.5213	0.1282	0.1135	0.034	1.07	0.0499	0.002	0.0069
AN_31308545	MDD_22472876	0.3316	0.0862	3.8468	0.0001	0.1644	0.0308	1.018	0.009	0.0473	0.008
AN_31308545	MDD_29700475	0.2959	0.0422	7.0045	2.4780e-12	0.0772	0.0053	0.9991	0.0116	0.1177	0.0073
AN_31308545	MDD_30718901	0.2793	0.0318	8.7682	1.8150e-18	0.0618	0.0027	0.9966	0.0136	0.0653	0.0079
AN_31308545	MooD_ukb-d-KRA_PSY_MOOD	0.2035	0.0794	2.5631	0.0104	0.0059	0.0015	0.9957	0.0091	0.0057	0.0063
AN_31308545	NE_33753719	0.2629	0.0324	8.103	5.3616e-16	0.1163	0.0056	0.9994	0.0165	0.0164	0.008
AN_31308545	OCD_28761083	0.4411	0.0796	5.5442	2.9529e-08	0.3448	0.058	0.9883	0.0087	0.0126	0.0065
AN_31308545	OD_32099098	-0.1208	0.1356	-0.8909	0.373	0.0455	0.0211	1.0373	0.0096	0.0257	0.0078
AN_31308545	Omega-3	-0.0852	0.0396	-2.1504	0.0315	0.1552	0.0327	1.0803	0.0716	-8.0794e-05	0.0078
AN_31308545	Omega-3_TFAP	-0.1228	0.045	-2.7299	0.0063	0.1194	0.0209	1.0805	0.0833	0.0035	0.0073
AN_31308545	Omega-6_Omega-3_ratio	0.112	0.0444	2.5252	0.0116	0.1189	0.0228	1.0948	0.0809	-0.0028	0.0074
AN_31308545	Omega-6	-0.0336	0.0425	-0.7897	0.4297	0.151	0.0484	1.092	0.0792	-0.0009	0.0074
AN_31308545	Omega-6_TFAP	-0.0345	0.0421	-0.8176	0.4136	0.1416	0.0295	1.0495	0.0378	0.0002	0.0071
AN_31308545	PTSD_31594949	0.2216	0.0713	3.1081	0.0019	0.0182	0.0032	1.0194	0.0083	0.0318	0.0063
AN_31308545	PUFAs	-0.0497	0.0394	-1.2615	0.2071	0.1709	0.0472	1.0861	0.0718	-0.0011	0.0077
AN_31308545	PUFA_TFAP	-0.0813	0.0386	-2.1042	0.0354	0.1561	0.0271	1.0326	0.0282	0.0002	0.0069
AN_31308545	SCZ_21926974	0.2386	0.0454	5.2542	1.4868e-07	0.5602	0.0389	1.031	0.0131	0.037	0.0093
AN_31308545	SCZ_23974872	0.2322	0.0406	5.7232	1.0456e-08	0.5329	0.0297	1.0286	0.0114	0.0345	0.0095
AN_31308545	SCZ_25056061	0.2493	0.0282	8.8474	8.9582e-19	0.441	0.0197	1.066	0.0153	0.0384	0.0091
AN_31308545	TS_30818990	0.0975	0.0648	1.5042	0.1325	0.3669	0.0441	1.014	0.009	0.0078	0.0068
ANX_26754954	AD_30482948	0.6007	0.2225	2.6994	0.0069	0.0821	0.0203	1.025	0.0067	0.0205	0.0048
ANX_26754954	ANX_26754954	0.9999	5.5510e-05	18013.4938	0.0	0.0614	0.0221	1.0008	0.0065	1.0008	0.0065
ANX_26754954	ASD_28540026	0.2206	0.1754	1.2573	0.2087	0.3087	0.041	0.9807	0.0084	-0.0043	0.0056
ANX_26754954	ASD_30804558	0.2644	0.1323	1.9988	0.0456	0.1944	0.0181	1.0137	0.0108	-0.0032	0.0068
ANX_26754954	AUDIT_C_30336701	0.056	0.113	0.4957	0.6201	0.0836	0.0057	1.0005	0.0084	-0.0092	0.005
ANX_26754954	AUDIT_P_30336701	0.378	0.1435	2.6337	0.0084	0.0584	0.0049	1.0097	0.0072	-0.0086	0.0052
ANX_26754954	AUDIT_T_30336701	0.132	0.1125	1.1734	0.2406	0.0916	0.0061	1.0046	0.0083	-0.0106	0.005
ANX_26754954	BIP_21926972	0.2383	0.1302	1.8304	0.0672	0.4535	0.0421	1.0162	0.0112	0.0139	0.0064
ANX_26754954	BIP_31043756	0.2016	0.1056	1.9083	0.0564	0.3435	0.018	1.0346	0.0111	0.0079	0.0061
ANX_26754954	BIP_34002096	0.3029	0.1098	2.759	0.0058	0.069	0.0031	1.0478	0.0127	0.0049	0.0071
ANX_26754954	CUD_33096046	0.3646	0.1282	2.8434	0.0045	0.0184	0.0017	0.9868	0.0068	0.0054	0.0047
ANX_26754954	DHA	-0.0292	0.1004	-0.2903	0.7716	0.1329	0.0322	1.0507	0.0421	0.002	0.0057
ANX_26754954	DHA_TFAP	0.1644	0.1217	1.3506	0.1768	0.1446	0.0315	1.0147	0.0293	-0.003	0.0064
ANX_26754954	INS_ukb-b-3957	0.4458	0.1006	4.4332	9.2832e-06	0.0625	0.0026	1.036	0.0107	-0.0002	0.0059
ANX_26754954	INS_2020preprint	0.4472	0.1183	3.7786	0.0002	0.0475	0.0021	1.0484	0.0102	-0.0004	0.0058
ANX_26754954	LA	-0.198	0.1039	-1.906	0.0566	0.1599	0.0425	1.0609	0.062	0.0052	0.0053
ANX_26754954	LA_TFAP	0.1681	0.1146	1.4662	0.1426	0.1228	0.033	1.0435	0.0379	-0.0044	0.0053
ANX_26754954	MDD_22472876	0.8222	0.2079	3.9547	7.6642e-05	0.1567	0.0299	1.0203	0.009	0.1602	0.0061
ANX_26754954	MDD_29700475	0.8966	0.1745	5.137	2.7921e-07	0.0766	0.0051	1.0014	0.0105	0.0776	0.0064
ANX_26754954	MDD_30718901	0.8841	0.18	4.9121	9.0128e-07	0.0617	0.0025	0.9989	0.0117	0.0342	0.0061
ANX_26754954	MooD_ukb-d-KRA_PSY_MOOD	0.3947	0.2255	1.7504	0.0801	0.0059	0.0013	0.9964	0.0072	0.0042	0.0051
ANX_26754954	NE_33753719	0.8271	0.1645	5.0267	4.9887e-07	0.1139	0.0055	1.0159	0.0149	-0.0044	0.0066
ANX_26754954	OCD_28761083	0.2879	0.1833	1.5706	0.1163	0.2988	0.052	1.0014	0.0075	0.0032	0.0053
ANX_26754954	OD_32099098	0.1726	0.2927	0.5897	0.5554	0.0449	0.0207	1.0402	0.0096	0.0054	0.0072
ANX_26754954	Omega-3	-0.114	0.0965	-1.1821	0.2372	0.1632	0.0382	1.0562	0.0476	0.004	0.0055
ANX_26754954	Omega-3_TFAP	0.0443	0.1054	0.4201	0.6744	0.1279	0.0292	1.0572	0.0575	-0.0011	0.0059
ANX_26754954	Omega-6_Omega-3_ratio	0.0099	0.0985	0.1002	0.9202	0.1299	0.0305	1.0652	0.0552	0.0005	0.0056
ANX_26754954	Omega-6	-0.2479	0.1063	-2.3318	0.0197	0.159	0.0423	1.0664	0.0617	0.0075	0.0053
ANX_26754954	Omega-6_TFAP	0.1844	0.113	1.6311	0.1029	0.1455	0.0271	1.0351	0.0301	-0.003	0.0056
ANX_26754954	PTSD_31594949	0.5496	0.2065	2.6613	0.0078	0.0177	0.0031	1.0193	0.0071	0.0113	0.0051
ANX_26754954	PUFAs	-0.2244	0.0983	-2.2836	0.0224	0.1789	0.0422	1.0603	0.0545	0.0076	0.0052
ANX_26754954	PUFA_TFAP	0.1858	0.1149	1.6178	0.1057	0.1579	0.0259	1.0214	0.0231	-0.0025	0.006
ANX_26754954	SCZ_21926974	0.1606	0.1207	1.3306	0.1833	0.5403	0.0345	1.0362	0.012	0.0176	0.0067
ANX_26754954	SCZ_23974872	0.2184	0.1078	2.0262	0.0427	0.5168	0.0291	1.0346	0.0114	0.0134	0.0068
ANX_26754954	SCZ_25056061	0.2772	0.0861	3.2207	0.0013	0.4408	0.0191	1.059	0.0146	0.0114	0.0069
ANX_26754954	TS_30818990	0.138	0.1401	0.9849	0.3247	0.3559	0.0459	1.0191	0.009	0.0029	0.0056
ASD_28540026	AD_30482948	-0.0132	0.1218	-0.1087	0.9134	0.0908	0.0197	1.0201	0.007	-0.0045	0.0049
ASD_28540026	ASD_28540026	1.0	8.7830e-06	113856.8846	0.0	0.3474	0.0381	0.9654	0.0076	0.9654	0.0076
ASD_28540026	ASD_30804558	0.8673	0.0505	17.17	4.4556e-66	0.1997	0.0174	1.0061	0.0101	0.4974	0.008
ASD_28540026	AUDIT_C_30336701	0.046	0.0586	0.7844	0.4328	0.0835	0.0055	0.9987	0.0075	0.0045	0.005
ASD_28540026	AUDIT_P_30336701	0.1333	0.0673	1.9793	0.0478	0.06	0.005	1.0028	0.0071	0.0004	0.0052
ASD_28540026	AUDIT_T_30336701	0.0687	0.0566	1.2146	0.2245	0.0921	0.0057	1.0013	0.0076	0.0031	0.005
ASD_28540026	BIP_21926972	0.0692	0.0832	0.8318	0.4055	0.4702	0.0405	1.007	0.0101	0.0002	0.0075
ASD_28540026	BIP_31043756	0.0949	0.0596	1.5909	0.1116	0.3485	0.0175	1.023	0.0101	0.0029	0.0064
ASD_28540026	BIP_34002096	0.1497	0.0621	2.4114	0.0159	0.0701	0.003	1.0292	0.0117	0.0007	0.0068
ASD_28540026	CUD_33096046	0.0368	0.0711	0.5184	0.6042	0.0183	0.0017	0.9875	0.0069	-0.0022	0.005
ASD_28540026	DHA	-0.0824	0.0515	-1.6	0.1096	0.1325	0.0286	1.0438	0.0422	0.0015	0.0053
ASD_28540026	DHA_TFAP	-0.0191	0.0656	-0.2916	0.7706	0.1429	0.0288	1.0124	0.0286	-0.0041	0.0061
ASD_28540026	INS_ukb-b-3957	-0.023	0.0454	-0.5066	0.6124	0.0631	0.0024	1.0216	0.0102	-0.0108	0.0056
ASD_28540026	INS_2020preprint	-0.0753	0.05	-1.507	0.1318	0.0479	0.0022	1.0395	0.0088	-0.0042	0.0052
ASD_28540026	LA	-0.0942	0.0533	-1.7675	0.0772	0.1709	0.0353	1.0315	0.0409	0.0075	0.0058
ASD_28540026	LA_TFAP	0.0367	0.0634	0.5796	0.5622	0.1252	0.0277	1.0321	0.0249	-0.0064	0.0056
ASD_28540026	MDD_22472876	0.2008	0.1297	1.5478	0.1217	0.1597	0.0302	1.0188	0.0088	-0.0053	0.0071
ASD_28540026	MDD_29700475	0.1272	0.0496	2.5636	0.0104	0.0763	0.0046	0.9985	0.0091	0.0068	0.0055
ASD_28540026	MDD_30718901	0.0919	0.0447	2.0544	0.0399	0.0611	0.0025	0.9935	0.0108	-0.0004	0.0059
ASD_28540026	MooD_ukb-d-KRA_PSY_MOOD	0.0131	0.1174	0.1113	0.9114	0.0056	0.0013	0.9979	0.0073	0.0007	0.0048
ASD_28540026	NE_33753719	0.1155	0.0531	2.1738	0.0297	0.114	0.0048	1.0016	0.0128	-0.0113	0.0075
ASD_28540026	OCD_28761083	0.031	0.0955	0.3247	0.7454	0.3279	0.0477	0.9925	0.0073	0.0033	0.0046
ASD_28540026	OD_32099098	0.0008	0.1494	0.0055	0.9956	0.0518	0.0198	1.0346	0.0086	-0.0122	0.0063
ASD_28540026	Omega-3	-0.1179	0.0451	-2.6139	0.009	0.1631	0.0335	1.0466	0.0485	0.0041	0.0053
ASD_28540026	Omega-3_TFAP	-0.0905	0.05	-1.8105	0.0702	0.1293	0.0254	1.0465	0.0575	-0.0006	0.0052
ASD_28540026	Omega-6_Omega-3_ratio	0.1088	0.0476	2.2844	0.0223	0.1323	0.0264	1.0517	0.0555	-0.0015	0.0051
ASD_28540026	Omega-6	-0.0885	0.0528	-1.6774	0.0935	0.1691	0.0355	1.0384	0.0415	0.008	0.0058
ASD_28540026	Omega-6_TFAP	0.0936	0.0681	1.3757	0.1689	0.1446	0.0241	1.0301	0.023	-0.0094	0.0062
ASD_28540026	PTSD_31594949	0.0382	0.1099	0.3474	0.7283	0.0167	0.003	1.0239	0.007	-0.0039	0.0052
ASD_28540026	PUFAs	-0.1032	0.048	-2.149	0.0316	0.186	0.0371	1.0377	0.0411	0.0084	0.0056
ASD_28540026	PUFA_TFAP	0.0515	0.068	0.757	0.4491	0.1545	0.0232	1.0219	0.0176	-0.01	0.0062
ASD_28540026	SCZ_21926974	0.1456	0.0697	2.0885	0.0367	0.5541	0.033	1.0262	0.011	0.0033	0.0067
ASD_28540026	SCZ_23974872	0.1318	0.0628	2.0994	0.0358	0.5321	0.027	1.0184	0.0099	0.0029	0.0065
ASD_28540026	SCZ_25056061	0.1863	0.0532	3.4998	0.0005	0.4449	0.0184	1.0402	0.0129	-0.0036	0.0071
ASD_28540026	TS_30818990	0.103	0.0825	1.249	0.2117	0.3606	0.0409	1.0156	0.0077	-0.0077	0.0051
ASD_30804558	AD_30482948	0.0218	0.1003	0.2169	0.8282	0.0893	0.0207	1.0205	0.0071	0.0051	0.0061
ASD_30804558	ASD_30804558	1.0	7.8623e-07	1.2719e+06	0.0	0.1957	0.0166	1.0095	0.0095	1.0095	0.0095
ASD_30804558	AUDIT_C_30336701	-0.1014	0.0566	-1.7936	0.0729	0.0841	0.006	0.9971	0.0094	0.002	0.0071
ASD_30804558	AUDIT_P_30336701	0.1678	0.0575	2.916	0.0035	0.0586	0.0053	1.0069	0.0083	-0.0068	0.0059
ASD_30804558	AUDIT_T_30336701	-0.0475	0.0533	-0.8923	0.3722	0.093	0.0064	0.9988	0.0096	-0.0005	0.0069
ASD_30804558	BIP_21926972	0.1337	0.0662	2.0202	0.0434	0.4548	0.0435	1.014	0.0116	-0.0029	0.0081
ASD_30804558	BIP_31043756	0.1371	0.0462	2.9685	0.003	0.3242	0.0183	1.0504	0.0111	0.0134	0.0074
ASD_30804558	BIP_34002096	0.2086	0.0445	4.6925	2.6983e-06	0.0683	0.003	1.0454	0.0125	0.0395	0.0078
ASD_30804558	CUD_33096046	0.0627	0.0611	1.027	0.3044	0.0178	0.0018	0.9911	0.008	0.0164	0.0065
ASD_30804558	DHA	0.0118	0.0471	0.2512	0.8016	0.123	0.027	1.0627	0.0532	-0.0003	0.0071
ASD_30804558	DHA_TFAP	0.0492	0.068	0.7236	0.4693	0.1394	0.0268	1.0197	0.0363	-0.0038	0.0094
ASD_30804558	INS_ukb-b-3957	0.0672	0.041	1.6399	0.101	0.0629	0.0027	1.0243	0.0129	-0.0087	0.0077
ASD_30804558	INS_2020preprint	0.0637	0.0402	1.5838	0.1132	0.0481	0.0023	1.0392	0.0099	-0.0024	0.0068
ASD_30804558	LA	-0.0578	0.0592	-0.9752	0.3295	0.1491	0.0471	1.079	0.0753	0.0034	0.0085
ASD_30804558	LA_TFAP	0.0182	0.0581	0.3128	0.7545	0.1139	0.0323	1.0555	0.0461	-0.0034	0.0076
ASD_30804558	MDD_22472876	0.2774	0.1024	2.7092	0.0067	0.1495	0.0299	1.0239	0.009	-4.5968e-05	0.008
ASD_30804558	MDD_29700475	0.4093	0.0408	10.0371	1.0474e-23	0.0756	0.0048	1.0013	0.0109	0.1569	0.0068
ASD_30804558	MDD_30718901	0.3511	0.033	10.6516	1.7142e-26	0.0603	0.0027	1.0026	0.0138	0.0602	0.0069
ASD_30804558	MooD_ukb-d-KRA_PSY_MOOD	0.2708	0.105	2.5797	0.0099	0.0053	0.0014	1.0007	0.008	-0.0062	0.0057
ASD_30804558	NE_33753719	0.2134	0.0498	4.2813	1.8583e-05	0.1133	0.0054	1.0078	0.0157	-0.0102	0.0104
ASD_30804558	OCD_28761083	0.1232	0.0808	1.5243	0.1274	0.336	0.0518	0.9913	0.0081	-0.0006	0.0063
ASD_30804558	OD_32099098	-0.1692	0.1219	-1.3883	0.1651	0.0504	0.0199	1.0355	0.0089	0.0191	0.0071
ASD_30804558	Omega-3	-0.0462	0.0409	-1.1306	0.2582	0.1559	0.0321	1.0597	0.0593	0.0047	0.007
ASD_30804558	Omega-3_TFAP	-0.0145	0.0475	-0.305	0.7604	0.1212	0.0214	1.0607	0.068	0.0023	0.0075
ASD_30804558	Omega-6_Omega-3_ratio	0.0315	0.044	0.7143	0.475	0.1235	0.0233	1.0673	0.066	-0.003	0.0073
ASD_30804558	Omega-6	-0.0444	0.0596	-0.7445	0.4566	0.1486	0.0467	1.0837	0.0745	0.0032	0.0085
ASD_30804558	Omega-6_TFAP	0.0671	0.065	1.032	0.3021	0.1419	0.0285	1.0373	0.035	-0.0072	0.0086
ASD_30804558	PTSD_31594949	0.3459	0.0898	3.8543	0.0001	0.017	0.003	1.0237	0.008	0.0295	0.0066
ASD_30804558	PUFAs	-0.047	0.0527	-0.8915	0.3727	0.1684	0.0457	1.076	0.0675	0.0038	0.008
ASD_30804558	PUFA_TFAP	0.0497	0.0659	0.7542	0.4507	0.1535	0.026	1.0267	0.0263	-0.0054	0.0089
ASD_30804558	SCZ_21926974	0.203	0.066	3.0768	0.0021	0.5384	0.0334	1.0348	0.0117	0.0048	0.0092
ASD_30804558	SCZ_23974872	0.2118	0.0537	3.9406	8.1276e-05	0.5054	0.0298	1.039	0.0114	0.0073	0.0078
ASD_30804558	SCZ_25056061	0.2158	0.0436	4.9502	7.4126e-07	0.4083	0.0191	1.1037	0.0154	0.0155	0.0086
ASD_30804558	TS_30818990	0.13	0.0616	2.1101	0.0349	0.3685	0.0444	1.0135	0.0091	0.0057	0.0059
AUDIT_C_30336701	AUDIT_C_30336701	1.0	2.9321e-08	3.4105e+07	0.0	0.0831	0.0053	1.0	0.007	1.0	0.007
AUDIT_C_30336701	AUDIT_P_30336701	0.6949	0.0393	17.6734	6.7198e-70	0.059	0.0047	1.0053	0.0066	0.3787	0.0054
AUDIT_C_30336701	AUDIT_T_30336701	0.986	0.0021	469.5696	0.0	0.0913	0.0056	1.0032	0.0071	0.9616	0.0069
AUDIT_C_30336701	DHA	-0.1761	0.0457	-3.857	0.0001	0.1345	0.0289	1.0399	0.0353	-0.0411	0.0054
AUDIT_C_30336701	DHA_TFAP	-0.176	0.0446	-3.9462	7.9411e-05	0.145	0.0293	1.0088	0.024	-0.0289	0.0056
AUDIT_C_30336701	INS_ukb-b-3957	-0.025	0.0299	-0.8354	0.4035	0.0624	0.0024	1.0271	0.0095	0.0053	0.0056
AUDIT_C_30336701	LA	0.0198	0.0389	0.5104	0.6097	0.162	0.0371	1.0495	0.0485	-0.0039	0.006
AUDIT_C_30336701	LA_TFAP	0.0263	0.049	0.5365	0.5916	0.1212	0.0287	1.0397	0.0295	0.0351	0.0053
AUDIT_C_30336701	NE_33753719	-0.0924	0.0338	-2.7382	0.0062	0.1133	0.0049	1.0057	0.013	-0.0222	0.0062
AUDIT_C_30336701	Omega-3	-0.0793	0.0406	-1.953	0.0508	0.1644	0.0334	1.0444	0.041	-0.0332	0.0056
AUDIT_C_30336701	Omega-3_TFAP	-0.1154	0.0434	-2.6611	0.0078	0.1324	0.0262	1.041	0.0493	-0.0269	0.0055
AUDIT_C_30336701	Omega-6_Omega-3_ratio	0.0986	0.0432	2.2812	0.0225	0.1344	0.0272	1.0482	0.0475	0.0325	0.0054
AUDIT_C_30336701	Omega-6	-0.0113	0.0399	-0.2837	0.7767	0.1606	0.0372	1.0557	0.0484	-0.0153	0.006
AUDIT_C_30336701	Omega-6_TFAP	-0.0253	0.0469	-0.5407	0.5887	0.1425	0.0244	1.0345	0.0234	0.0258	0.0058
AUDIT_C_30336701	PUFAs	-0.0296	0.0387	-0.7647	0.4445	0.1784	0.0377	1.0527	0.0436	-0.0216	0.0059
AUDIT_C_30336701	PUFA_TFAP	-0.0707	0.0419	-1.685	0.092	0.1542	0.0231	1.0229	0.0178	0.0147	0.0058
AUDIT_P_30336701	AUDIT_P_30336701	1.0	1.0743e-06	930827.1486	0.0	0.059	0.0047	1.0053	0.0066	1.0053	0.0066
AUDIT_P_30336701	AUDIT_T_30336701	0.8053	0.0269	29.9274	8.6586e-197	0.0913	0.0056	1.0032	0.0071	0.595	0.0059
AUDIT_P_30336701	DHA	-0.1507	0.0542	-2.7801	0.0054	0.1345	0.0289	1.0399	0.0353	-0.0109	0.0052
AUDIT_P_30336701	DHA_TFAP	-0.0851	0.0474	-1.7971	0.0723	0.145	0.0293	1.0088	0.024	-0.0037	0.005
AUDIT_P_30336701	INS_ukb-b-3957	0.1525	0.0313	4.8766	1.0794e-06	0.0624	0.0024	1.0271	0.0095	0.0355	0.0053
AUDIT_P_30336701	LA	-0.0595	0.0456	-1.3043	0.1921	0.162	0.0371	1.0495	0.0485	0.0071	0.0055
AUDIT_P_30336701	LA_TFAP	0.0961	0.0615	1.5636	0.1179	0.1212	0.0287	1.0397	0.0295	0.0343	0.0051
AUDIT_P_30336701	NE_33753719	0.1663	0.0362	4.5962	4.3023e-06	0.1133	0.0049	1.0057	0.013	0.0615	0.0056
AUDIT_P_30336701	Omega-3	-0.0927	0.0508	-1.8248	0.068	0.1644	0.0334	1.0444	0.041	-0.0106	0.0055
AUDIT_P_30336701	Omega-3_TFAP	-0.0642	0.0505	-1.2714	0.2036	0.1324	0.0262	1.041	0.0493	-0.0049	0.0051
AUDIT_P_30336701	Omega-6_Omega-3_ratio	0.0928	0.0525	1.766	0.0774	0.1344	0.0272	1.0482	0.0475	0.0097	0.0053
AUDIT_P_30336701	Omega-6	-0.0932	0.0491	-1.8976	0.0577	0.1606	0.0372	1.0557	0.0484	-0.0035	0.0056
AUDIT_P_30336701	Omega-6_TFAP	0.0797	0.0605	1.3165	0.188	0.1425	0.0244	1.0345	0.0234	0.0211	0.0058
AUDIT_P_30336701	PUFAs	-0.0989	0.0478	-2.0681	0.0386	0.1784	0.0377	1.0527	0.0436	-0.0059	0.0057
AUDIT_P_30336701	PUFA_TFAP	0.0499	0.0524	0.9521	0.3411	0.1542	0.0231	1.0229	0.0178	0.0181	0.0057
AUDIT_T_30336701	AUDIT_T_30336701	1.0	1.0919e-08	9.1583e+07	0.0	0.0913	0.0056	1.0032	0.0071	1.0032	0.0071
AUDIT_T_30336701	DHA	-0.1888	0.0469	-4.0255	5.6848e-05	0.1345	0.0289	1.0399	0.0353	-0.0378	0.0054
AUDIT_T_30336701	DHA_TFAP	-0.1729	0.0442	-3.9142	9.0720e-05	0.145	0.0293	1.0088	0.024	-0.0255	0.0055
AUDIT_T_30336701	INS_ukb-b-3957	0.0125	0.0282	0.4426	0.6581	0.0624	0.0024	1.0271	0.0095	0.0149	0.0056
AUDIT_T_30336701	LA	0.0038	0.0386	0.0979	0.922	0.162	0.0371	1.0495	0.0485	-0.0015	0.0061
AUDIT_T_30336701	LA_TFAP	0.0445	0.0501	0.8893	0.3738	0.1212	0.0287	1.0397	0.0295	0.0392	0.0054
AUDIT_T_30336701	NE_33753719	-0.0346	0.0333	-1.0414	0.2977	0.1133	0.0049	1.0057	0.013	-0.0023	0.0061
AUDIT_T_30336701	Omega-3	-0.0913	0.0419	-2.1778	0.0294	0.1644	0.0334	1.0444	0.041	-0.0312	0.0058
AUDIT_T_30336701	Omega-3_TFAP	-0.115	0.0434	-2.6491	0.0081	0.1324	0.0262	1.041	0.0493	-0.0244	0.0055
AUDIT_T_30336701	Omega-6_Omega-3_ratio	0.1069	0.0439	2.4368	0.0148	0.1344	0.0272	1.0482	0.0475	0.0302	0.0055
AUDIT_T_30336701	Omega-6	-0.0312	0.0403	-0.7736	0.4391	0.1606	0.0372	1.0557	0.0484	-0.0139	0.0061
AUDIT_T_30336701	Omega-6_TFAP	-0.0034	0.0481	-0.0712	0.9432	0.1425	0.0244	1.0345	0.0234	0.0277	0.006
AUDIT_T_30336701	PUFAs	-0.0491	0.0394	-1.2453	0.213	0.1784	0.0377	1.0527	0.0436	-0.0199	0.0062
AUDIT_T_30336701	PUFA_TFAP	-0.0499	0.0422	-1.1823	0.2371	0.1542	0.0231	1.0229	0.0178	0.0175	0.0059
BIP_21926972	AD_30482948	0.1556	0.0894	1.7409	0.0817	0.0996	0.0206	1.0181	0.008	0.0426	0.006
BIP_21926972	AUDIT_C_30336701	0.103	0.062	1.66	0.0969	0.0828	0.0064	0.9982	0.0107	-0.0052	0.0079
BIP_21926972	AUDIT_P_30336701	0.2756	0.0667	4.1305	3.6204e-05	0.057	0.0058	1.011	0.0094	-0.0085	0.007
BIP_21926972	AUDIT_T_30336701	0.1527	0.0595	2.5654	0.0103	0.0911	0.0067	1.0021	0.0106	-0.0077	0.0078
BIP_21926972	BIP_21926972	1.0	8.4828e-07	1.1789e+06	0.0	0.4712	0.0405	1.0063	0.0102	1.0063	0.0102
BIP_21926972	BIP_31043756	0.9697	0.0236	41.0137	0.0	0.3404	0.0182	1.0252	0.0115	0.5395	0.0092
BIP_21926972	BIP_34002096	0.9575	0.0265	36.0773	5.1529e-285	0.0685	0.0033	1.0324	0.0153	0.3783	0.0099
BIP_21926972	CUD_33096046	0.1895	0.0594	3.1887	0.0014	0.0184	0.0019	0.9867	0.0094	0.0019	0.0063
BIP_21926972	DHA	-0.1358	0.0636	-2.1349	0.0328	0.1243	0.0252	1.0379	0.0461	0.0064	0.0082
BIP_21926972	DHA_TFAP	-0.1179	0.058	-2.0331	0.042	0.1387	0.026	1.0053	0.0323	0.0036	0.0077
BIP_21926972	INS_ukb-b-3957	-0.009	0.0431	-0.2084	0.835	0.0629	0.0028	1.0161	0.0143	-0.0009	0.0086
BIP_21926972	INS_2020preprint	0.0282	0.0449	0.6284	0.5297	0.0484	0.0025	1.0304	0.0131	-0.0117	0.0075
BIP_21926972	LA	-0.068	0.0537	-1.2653	0.2058	0.1875	0.0348	0.9728	0.0368	0.0082	0.0088
BIP_21926972	LA_TFAP	-0.1146	0.0541	-2.1167	0.0343	0.1312	0.0267	1.0096	0.0193	0.0117	0.0075
BIP_21926972	MDD_22472876	0.4908	0.094	5.2192	1.7968e-07	0.1455	0.0333	1.0245	0.0103	0.1657	0.0082
BIP_21926972	MDD_29700475	0.2869	0.0435	6.5896	4.4112e-11	0.0797	0.0053	0.9885	0.012	0.0659	0.0079
BIP_21926972	MDD_30718901	0.286	0.0361	7.9322	2.1532e-15	0.0623	0.0029	0.9868	0.0157	0.0458	0.0084
BIP_21926972	MooD_ukb-d-KRA_PSY_MOOD	0.7371	0.1292	5.703	1.1769e-08	0.0059	0.0014	0.9956	0.009	0.0022	0.0072
BIP_21926972	NE_33753719	0.0885	0.0377	2.349	0.0188	0.1177	0.0055	0.9838	0.0177	0.0134	0.0084
BIP_21926972	OCD_28761083	0.4146	0.088	4.7101	2.4755e-06	0.3632	0.059	0.984	0.0092	-0.007	0.0073
BIP_21926972	OD_32099098	0.0308	0.1331	0.2316	0.8168	0.0479	0.0216	1.0379	0.0103	-0.003	0.0077
BIP_21926972	Omega-3	-0.071	0.0588	-1.2067	0.2276	0.1535	0.031	1.0334	0.0508	0.0011	0.0084
BIP_21926972	Omega-3_TFAP	-0.1005	0.0605	-1.661	0.0967	0.1207	0.0224	1.0366	0.051	0.0011	0.008
BIP_21926972	Omega-6_Omega-3_ratio	0.0621	0.0588	1.0566	0.2907	0.1224	0.0236	1.0429	0.0506	0.0043	0.0079
BIP_21926972	Omega-6	-0.0659	0.054	-1.222	0.2217	0.1853	0.0349	0.9785	0.0387	0.01	0.0088
BIP_21926972	Omega-6_TFAP	-0.0778	0.055	-1.4152	0.157	0.1479	0.0262	1.0058	0.0279	0.0126	0.0074
BIP_21926972	PTSD_31594949	0.1401	0.0961	1.4581	0.1448	0.0138	0.0033	1.0362	0.0094	0.0112	0.0071
BIP_21926972	PUFAs	-0.0694	0.0546	-1.2697	0.2042	0.1976	0.0372	0.9851	0.0434	0.0085	0.009
BIP_21926972	PUFA_TFAP	-0.1025	0.0539	-1.9002	0.0574	0.1602	0.0247	0.9969	0.0214	0.0118	0.0075
BIP_21926972	SCZ_21926974	0.6806	0.0477	14.2541	4.2258e-46	0.5511	0.0343	1.0266	0.0117	0.226	0.0077
BIP_21926972	SCZ_23974872	0.7596	0.0423	17.9681	3.4626e-72	0.5151	0.029	1.0287	0.0115	0.1791	0.0086
BIP_21926972	SCZ_25056061	0.7593	0.0379	20.0369	2.6281e-89	0.4405	0.0188	1.0392	0.0151	0.1404	0.0102
BIP_21926972	TS_30818990	0.1119	0.0686	1.6321	0.1027	0.3827	0.045	1.0079	0.0098	-0.016	0.0065
BIP_31043756	AD_30482948	0.248	0.0725	3.4216	0.0006	0.0939	0.0192	1.0185	0.0069	0.0616	0.0059
BIP_31043756	AUDIT_C_30336701	0.0369	0.0392	0.9423	0.346	0.0826	0.0056	1.0007	0.0086	-0.0049	0.0066
BIP_31043756	AUDIT_P_30336701	0.269	0.044	6.118	9.4764e-10	0.0577	0.0049	1.0081	0.0078	-0.0107	0.0062
BIP_31043756	AUDIT_T_30336701	0.0965	0.0379	2.5445	0.0109	0.091	0.0059	1.0034	0.0083	-0.0079	0.0067
BIP_31043756	BIP_31043756	1.0	5.1716e-07	1.9337e+06	0.0	0.3489	0.017	1.0224	0.0098	1.0224	0.0098
BIP_31043756	BIP_34002096	1.0418	0.009	116.1629	0.0	0.0704	0.003	1.0266	0.0124	0.671	0.0102
BIP_31043756	CUD_33096046	0.1718	0.0447	3.8418	0.0001	0.018	0.0018	0.989	0.0075	0.0085	0.0065
BIP_31043756	DHA	-0.0929	0.0398	-2.332	0.0197	0.1293	0.029	1.0483	0.0469	0.0065	0.0068
BIP_31043756	DHA_TFAP	-0.0786	0.0374	-2.0984	0.0359	0.1428	0.0282	1.0119	0.0337	0.0035	0.0071
BIP_31043756	INS_ukb-b-3957	0.0187	0.0316	0.5925	0.5535	0.0624	0.0025	1.0279	0.0113	-0.0035	0.0076
BIP_31043756	INS_2020preprint	0.0501	0.0346	1.4503	0.147	0.0473	0.0023	1.0439	0.0104	-0.0102	0.0071
BIP_31043756	LA	-0.0386	0.0347	-1.1123	0.266	0.176	0.0357	1.0185	0.0402	0.0052	0.007
BIP_31043756	LA_TFAP	-0.0444	0.0417	-1.0655	0.2866	0.1276	0.0279	1.025	0.0221	0.0031	0.0071
BIP_31043756	MDD_22472876	0.4314	0.0721	5.9811	2.2158e-09	0.1603	0.0301	1.0187	0.0091	0.1354	0.0076
BIP_31043756	MDD_29700475	0.3474	0.0326	10.6731	1.3608e-26	0.0763	0.0047	0.9983	0.0102	0.0813	0.007
BIP_31043756	MDD_30718901	0.3332	0.0272	12.2643	1.4086e-34	0.0613	0.0026	0.9929	0.0123	0.0594	0.0082
BIP_31043756	MooD_ukb-d-KRA_PSY_MOOD	0.7778	0.1035	7.5178	5.5724e-14	0.0057	0.0014	0.9968	0.0081	0.0016	0.0064
BIP_31043756	NE_33753719	0.1237	0.0298	4.1512	3.3074e-05	0.115	0.0053	0.9961	0.0153	0.0161	0.0084
BIP_31043756	OCD_28761083	0.3142	0.069	4.5561	5.2113e-06	0.3435	0.0517	0.9888	0.0079	0.0379	0.0069
BIP_31043756	OD_32099098	-0.0394	0.0965	-0.4089	0.6826	0.0527	0.0199	1.0337	0.0092	0.0141	0.0074
BIP_31043756	Omega-3	-0.0587	0.0361	-1.6234	0.1045	0.1597	0.0342	1.0501	0.0537	0.0067	0.0072
BIP_31043756	Omega-3_TFAP	-0.0714	0.0372	-1.9183	0.0551	0.1246	0.024	1.0531	0.0646	0.0048	0.0074
BIP_31043756	Omega-6_Omega-3_ratio	0.0609	0.0382	1.5944	0.1108	0.1275	0.0255	1.0582	0.0618	-0.0042	0.0073
BIP_31043756	Omega-6	-0.0375	0.0341	-1.0986	0.272	0.175	0.0359	1.0236	0.0411	0.0069	0.0071
BIP_31043756	Omega-6_TFAP	-0.0238	0.0399	-0.5974	0.5503	0.1485	0.0253	1.0203	0.0232	0.005	0.0075
BIP_31043756	PTSD_31594949	0.2193	0.0604	3.6331	0.0003	0.016	0.0031	1.0269	0.0075	0.0223	0.0056
BIP_31043756	PUFAs	-0.0439	0.0335	-1.3104	0.1901	0.191	0.0384	1.0248	0.0429	0.0073	0.0071
BIP_31043756	PUFA_TFAP	-0.0491	0.0375	-1.3075	0.191	0.1589	0.0245	1.0127	0.0182	0.0063	0.0073
BIP_31043756	SCZ_21926974	0.6124	0.0365	16.7907	2.8534e-63	0.5581	0.0341	1.0247	0.0113	0.1856	0.0089
BIP_31043756	SCZ_23974872	0.6736	0.0287	23.4924	4.8831e-122	0.5262	0.029	1.0226	0.0105	0.2236	0.0084
BIP_31043756	SCZ_25056061	0.6855	0.0206	33.3547	6.2309e-244	0.4462	0.0179	1.0385	0.0132	0.2352	0.0085
BIP_31043756	TS_30818990	0.0668	0.051	1.3103	0.1901	0.3676	0.0431	1.013	0.0085	0.0558	0.0061
BIP_34002096	AD_30482948	0.2802	0.0671	4.1729	3.0070e-05	0.0958	0.0191	1.0178	0.007	0.0513	0.0058
BIP_34002096	AUDIT_C_30336701	0.0173	0.032	0.5418	0.5879	0.0838	0.0059	0.9974	0.0083	-0.0079	0.0062
BIP_34002096	AUDIT_P_30336701	0.2852	0.0376	7.5912	3.1699e-14	0.0578	0.005	1.0086	0.0073	-0.0071	0.0063
BIP_34002096	AUDIT_T_30336701	0.0827	0.0309	2.6745	0.0075	0.0925	0.0061	0.9999	0.0083	-0.0086	0.0063
BIP_34002096	BIP_34002096	1.0	1.7414e-07	5.7426e+06	0.0	0.0699	0.003	1.0299	0.0116	1.0299	0.0116
BIP_34002096	CUD_33096046	0.2213	0.0393	5.6303	1.7994e-08	0.0179	0.0017	0.9897	0.0071	0.0314	0.0066
BIP_34002096	DHA	-0.0705	0.0455	-1.5481	0.1216	0.1297	0.0264	1.0479	0.0444	0.0049	0.0068
BIP_34002096	DHA_TFAP	-0.0684	0.0475	-1.4384	0.1503	0.1441	0.0277	1.0099	0.0315	0.0055	0.0078
BIP_34002096	INS_ukb-b-3957	0.0833	0.0257	3.2392	0.0012	0.063	0.0025	1.0221	0.0111	-0.0071	0.0074
BIP_34002096	INS_2020preprint	0.1199	0.0279	4.3016	1.6959e-05	0.0484	0.0022	1.0355	0.0092	-0.0141	0.007
BIP_34002096	LA	-0.0199	0.0345	-0.5764	0.5643	0.1574	0.0418	1.0587	0.0615	0.0012	0.0074
BIP_34002096	LA_TFAP	-0.0496	0.0413	-1.2022	0.2293	0.1167	0.0297	1.0481	0.0391	0.007	0.0069
BIP_34002096	MDD_22472876	0.5688	0.0712	7.9869	1.3838e-15	0.1546	0.03	1.0213	0.0091	0.0997	0.0079
BIP_34002096	MDD_29700475	0.4781	0.0266	17.9897	2.3443e-72	0.076	0.0047	0.9996	0.01	0.1038	0.0073
BIP_34002096	MDD_30718901	0.4434	0.0241	18.3676	2.3860e-75	0.0606	0.0026	0.9972	0.0123	0.0686	0.0078
BIP_34002096	MooD_ukb-d-KRA_PSY_MOOD	0.7262	0.0996	7.2907	3.0843e-13	0.0054	0.0013	0.9991	0.0072	0.0286	0.0062
BIP_34002096	NE_33753719	0.2057	0.0286	7.1932	6.3312e-13	0.1136	0.0055	1.0042	0.0151	0.0183	0.0088
BIP_34002096	OCD_28761083	0.317	0.0646	4.9055	9.3169e-07	0.332	0.051	0.9916	0.0074	0.0292	0.007
BIP_34002096	OD_32099098	-0.0054	0.088	-0.0615	0.951	0.0513	0.0203	1.0348	0.0089	0.0215	0.0079
BIP_34002096	Omega-3	-0.0265	0.0375	-0.7063	0.48	0.1605	0.0307	1.0497	0.0524	0.0013	0.0066
BIP_34002096	Omega-3_TFAP	-0.0408	0.0435	-0.9382	0.3482	0.1264	0.0218	1.0503	0.0627	0.0026	0.0071
BIP_34002096	Omega-6_Omega-3_ratio	0.0234	0.0422	0.5558	0.5784	0.128	0.023	1.0581	0.0607	0.0015	0.007
BIP_34002096	Omega-6	-0.0202	0.0319	-0.6327	0.5269	0.1567	0.0417	1.0636	0.061	0.0034	0.0074
BIP_34002096	Omega-6_TFAP	-0.035	0.0362	-0.966	0.3341	0.142	0.0263	1.0355	0.0295	0.0102	0.0074
BIP_34002096	PTSD_31594949	0.4096	0.0561	7.295	2.9858e-13	0.0173	0.003	1.0216	0.0069	0.0223	0.0056
BIP_34002096	PUFAs	-0.0219	0.0311	-0.7054	0.4805	0.1757	0.0411	1.0579	0.0546	0.0029	0.0071
BIP_34002096	PUFA_TFAP	-0.0463	0.0387	-1.1981	0.2309	0.1546	0.0246	1.0227	0.0221	0.0104	0.0075
BIP_34002096	SCZ_21926974	0.6078	0.0322	18.8947	1.2615e-79	0.5457	0.0338	1.0301	0.011	0.1405	0.0092
BIP_34002096	SCZ_23974872	0.643	0.0259	24.8633	1.8592e-136	0.5167	0.0301	1.0285	0.0107	0.1733	0.0093
BIP_34002096	SCZ_25056061	0.6953	0.0186	37.4607	4.0238e-307	0.4285	0.0183	1.0654	0.0134	0.1865	0.0093
BIP_34002096	TS_30818990	0.0863	0.0458	1.8813	0.0599	0.3495	0.0428	1.0196	0.0078	0.0379	0.0062
CUD_33096046	AD_30482948	0.7819	0.125	6.2532	4.0217e-10	0.0941	0.0198	1.0185	0.0062	0.0787	0.0052
CUD_33096046	AUDIT_C_30336701	0.1589	0.0567	2.8031	0.0051	0.0827	0.0054	1.0009	0.0073	-0.0115	0.0052
CUD_33096046	AUDIT_P_30336701	0.3592	0.0574	6.2573	3.9167e-10	0.0586	0.0047	1.0064	0.0065	-0.0043	0.0047
CUD_33096046	AUDIT_T_30336701	0.2219	0.0542	4.0933	4.2526e-05	0.0913	0.0057	1.0033	0.0074	-0.0118	0.0052
CUD_33096046	CUD_33096046	1.0	1.6086e-07	6.2166e+06	0.0	0.0178	0.0016	0.9905	0.0064	0.9905	0.0064
CUD_33096046	DHA	0.1167	0.0562	2.0743	0.038	0.1335	0.0289	1.043	0.0376	-0.0078	0.0055
CUD_33096046	DHA_TFAP	0.194	0.0605	3.2054	0.0013	0.1435	0.0295	1.012	0.0256	-0.0095	0.0055
CUD_33096046	INS_ukb-b-3957	0.2589	0.0373	6.9492	3.6743e-12	0.0624	0.0024	1.0279	0.0095	-0.0031	0.0056
CUD_33096046	LA	-0.028	0.0528	-0.5301	0.5961	0.1612	0.0384	1.0521	0.0517	-0.0025	0.0052
CUD_33096046	LA_TFAP	0.1589	0.0511	3.1082	0.0019	0.1204	0.0289	1.0419	0.0312	-0.0062	0.0047
CUD_33096046	NE_33753719	0.0785	0.0396	1.9824	0.0474	0.1126	0.0052	1.0091	0.0131	0.0175	0.0062
CUD_33096046	OD_32099098	0.7528	0.1765	4.2645	2.0033e-05	0.0523	0.0205	1.0342	0.0093	0.1094	0.0071
CUD_33096046	Omega-3	0.0607	0.0537	1.1293	0.2588	0.1643	0.0334	1.0461	0.0438	-0.0055	0.0055
CUD_33096046	Omega-3_TFAP	0.1654	0.0589	2.8061	0.005	0.1306	0.0262	1.0452	0.0525	-0.0081	0.0054
CUD_33096046	Omega-6_Omega-3_ratio	-0.1097	0.0564	-1.9446	0.0518	0.1328	0.0269	1.052	0.0508	0.005	0.0053
CUD_33096046	Omega-6	-0.0608	0.055	-1.1057	0.2689	0.1601	0.0385	1.0578	0.0516	-0.0013	0.0053
CUD_33096046	Omega-6_TFAP	0.15	0.0591	2.5397	0.0111	0.1422	0.0247	1.0361	0.0248	-0.0056	0.0053
CUD_33096046	PUFAs	-0.0305	0.0533	-0.5726	0.5669	0.1784	0.0386	1.0541	0.0465	-0.0028	0.0054
CUD_33096046	PUFA_TFAP	0.1973	0.0557	3.5409	0.0004	0.1535	0.0235	1.0252	0.0188	-0.0084	0.0053
DHA_TFAP	DHA_TFAP	1.0	4.5737e-05	21864.8587	0.0	0.1456	0.0302	1.0075	0.0232	1.0075	0.0232
DHA_TFAP	LA	-0.3544	0.071	-4.9906	6.0189e-07	0.1622	0.0368	1.0493	0.048	-0.21	0.013
DHA_TFAP	LA_TFAP	-0.0043	0.2451	-0.0177	0.9859	0.1219	0.0288	1.0384	0.0292	0.0264	0.0135
DHA_TFAP	Omega-3	0.4659	0.1382	3.3701	0.0008	0.1652	0.0342	1.043	0.04	0.5915	0.0288
DHA_TFAP	Omega-3_TFAP	0.8211	0.0546	15.0278	4.8262e-51	0.1332	0.0277	1.0394	0.0479	0.8544	0.0327
DHA_TFAP	Omega-6_Omega-3_ratio	-0.6536	0.0999	-6.5419	6.0747e-11	0.1353	0.0284	1.0464	0.0463	-0.6996	0.0319
DHA_TFAP	Omega-6	-0.1998	0.0669	-2.9862	0.0028	0.161	0.0369	1.0552	0.0479	-0.1468	0.0129
DHA_TFAP	Omega-6_TFAP	0.4007	0.0939	4.265	1.9986e-05	0.1429	0.0242	1.0338	0.0234	0.2218	0.0107
DHA_TFAP	PUFAs	-0.0067	0.1233	-0.0546	0.9564	0.1788	0.0374	1.0523	0.0431	0.0402	0.0148
DHA_TFAP	PUFA_TFAP	0.7694	0.0335	22.9938	5.3813e-117	0.1545	0.0232	1.0222	0.0178	0.5906	0.0112
DHA	DHA	1.0001	0.0001	8151.9747	0.0	0.1352	0.0297	1.0388	0.0344	1.0388	0.0344
DHA	DHA_TFAP	0.7713	0.0684	11.2767	1.7109e-29	0.1456	0.0302	1.0075	0.0232	0.8365	0.0261
DHA	LA	0.245	0.1588	1.5427	0.1229	0.1622	0.0368	1.0493	0.048	0.288	0.0234
DHA	LA_TFAP	-0.2635	0.1929	-1.3664	0.1718	0.1219	0.0288	1.0384	0.0292	-0.1338	0.0174
DHA	Omega-3	0.903	0.0277	32.5549	1.7875e-232	0.1652	0.0342	1.043	0.04	0.918	0.0362
DHA	Omega-3_TFAP	0.9436	0.0241	39.0721	0.0	0.1332	0.0277	1.0394	0.0479	0.9015	0.0375
DHA	Omega-6_Omega-3_ratio	-0.9153	0.0366	-25.0287	2.9763e-138	0.1353	0.0284	1.0464	0.0463	-0.8492	0.0372
DHA	Omega-6	0.4307	0.0684	6.2971	3.0325e-10	0.161	0.0369	1.0552	0.0479	0.3812	0.0241
DHA	Omega-6_TFAP	-0.1443	0.0722	-2.0001	0.0455	0.1429	0.0242	1.0338	0.0234	-0.1691	0.0147
DHA	PUFAs	0.6133	0.0425	14.4228	3.7172e-47	0.1788	0.0374	1.0523	0.0431	0.5733	0.0265
DHA	PUFA_TFAP	0.3093	0.123	2.5152	0.0119	0.1545	0.0232	1.0222	0.0178	0.2205	0.0114
INS_ukb-b-3957	DHA	0.0042	0.0302	0.1377	0.8905	0.1341	0.0286	1.0415	0.036	0.0025	0.0059
INS_ukb-b-3957	DHA_TFAP	0.0734	0.0311	2.3629	0.0181	0.1446	0.029	1.0097	0.0246	0.014	0.0061
INS_ukb-b-3957	INS_ukb-b-3957	1.0	3.5193e-07	2.8415e+06	0.0	0.0626	0.0024	1.0261	0.0091	1.0261	0.0091
INS_ukb-b-3957	LA	-0.0671	0.0314	-2.1405	0.0323	0.1617	0.0375	1.0509	0.0497	-0.0042	0.0076
INS_ukb-b-3957	LA_TFAP	0.0845	0.0321	2.6308	0.0085	0.1213	0.0287	1.04	0.0303	0.0261	0.0056
INS_ukb-b-3957	NE_33753719	0.4298	0.021	20.4584	5.0527e-93	0.1132	0.005	1.0061	0.0129	0.2233	0.0079
INS_ukb-b-3957	Omega-3	-0.0311	0.0274	-1.1317	0.2578	0.1647	0.0332	1.0449	0.0419	-0.0079	0.0061
INS_ukb-b-3957	Omega-3_TFAP	0.0245	0.0301	0.8142	0.4155	0.1313	0.0257	1.0435	0.0505	0.0022	0.0059
INS_ukb-b-3957	Omega-6_Omega-3_ratio	-0.0009	0.0298	-0.0318	0.9746	0.1335	0.0267	1.0503	0.0487	0.004	0.0058
INS_ukb-b-3957	Omega-6	-0.0845	0.0317	-2.6617	0.0078	0.1607	0.0376	1.0564	0.0495	-0.0074	0.0077
INS_ukb-b-3957	Omega-6_TFAP	0.0929	0.0284	3.2709	0.0011	0.1434	0.0244	1.0337	0.0241	0.0278	0.0059
INS_ukb-b-3957	PUFAs	-0.0768	0.0295	-2.6032	0.0092	0.179	0.038	1.0529	0.0445	-0.008	0.0075
INS_ukb-b-3957	PUFA_TFAP	0.0986	0.027	3.6565	0.0003	0.1551	0.0231	1.022	0.0182	0.0278	0.0061
INS_2020preprint	AD_30482948	0.2938	0.0717	4.0959	4.2055e-05	0.0992	0.0199	1.0158	0.0068	0.0077	0.0054
INS_2020preprint	AUDIT_C_30336701	-0.0162	0.0328	-0.4947	0.6208	0.0828	0.0054	1.0001	0.0074	-0.0075	0.0051
INS_2020preprint	AUDIT_P_30336701	0.1571	0.0377	4.1673	3.0828e-05	0.0587	0.0048	1.006	0.0072	0.0321	0.0053
INS_2020preprint	AUDIT_T_30336701	0.0221	0.0312	0.7063	0.48	0.0913	0.0056	1.0027	0.0073	0.0027	0.005
INS_2020preprint	CUD_33096046	0.3194	0.047	6.7985	1.0571e-11	0.0175	0.0017	0.9919	0.0067	8.4372e-05	0.0057
INS_2020preprint	DHA	0.0121	0.0367	0.3303	0.7412	0.1351	0.034	1.0415	0.0349	0.0036	0.0057
INS_2020preprint	DHA_TFAP	0.0876	0.039	2.2477	0.0246	0.1454	0.033	1.0109	0.0244	0.0084	0.0058
INS_2020preprint	INS_ukb-b-3957	0.9818	0.0065	150.0362	0.0	0.0645	0.0023	1.0392	0.0102	0.7823	0.0088
INS_2020preprint	INS_2020preprint	1.0	2.0821e-08	4.8029e+07	0.0	0.0479	0.0021	1.0388	0.0089	1.0388	0.0089
INS_2020preprint	LA	-0.078	0.0371	-2.1019	0.0356	0.162	0.0385	1.0522	0.051	0.0044	0.0073
INS_2020preprint	LA_TFAP	0.0667	0.0343	1.9436	0.0519	0.1219	0.0314	1.0399	0.0309	0.0261	0.0053
INS_2020preprint	NE_33753719	0.3962	0.0227	17.4692	2.4595e-68	0.1138	0.0051	1.007	0.0127	0.2006	0.007
INS_2020preprint	OD_32099098	0.2636	0.1034	2.5501	0.0108	0.0546	0.0204	1.0321	0.009	-0.001	0.007
INS_2020preprint	Omega-3	-0.0186	0.0318	-0.5857	0.5581	0.1666	0.0397	1.0439	0.0399	-0.004	0.0058
INS_2020preprint	Omega-3_TFAP	0.0482	0.0375	1.284	0.1992	0.1331	0.0325	1.0433	0.0498	0.0014	0.0056
INS_2020preprint	Omega-6_Omega-3_ratio	-0.0207	0.0354	-0.585	0.5586	0.1353	0.0333	1.0499	0.0478	0.0022	0.0053
INS_2020preprint	Omega-6	-0.0977	0.037	-2.639	0.0083	0.1609	0.0384	1.0576	0.0507	4.0054e-05	0.0074
INS_2020preprint	Omega-6_TFAP	0.0797	0.0305	2.6151	0.0089	0.1432	0.0238	1.0337	0.0239	0.0221	0.0053
INS_2020preprint	PUFAs	-0.0862	0.0348	-2.4769	0.0133	0.1794	0.0393	1.0535	0.0453	-0.0006	0.0072
INS_2020preprint	PUFA_TFAP	0.0916	0.0307	2.9862	0.0028	0.1555	0.0238	1.0226	0.0181	0.0221	0.0056
LA_TFAP	LA_TFAP	1.0	4.2686e-06	234269.1544	0.0	0.1219	0.0288	1.0384	0.0292	1.0384	0.0292
LA_TFAP	Omega-3	-0.4935	0.1261	-3.9135	9.0965e-05	0.1652	0.0342	1.043	0.04	-0.3719	0.0182
LA_TFAP	Omega-3_TFAP	-0.3522	0.1646	-2.1395	0.0324	0.1332	0.0277	1.0394	0.0479	-0.2787	0.0219
LA_TFAP	Omega-6_Omega-3_ratio	0.5344	0.121	4.4174	9.9910e-06	0.1353	0.0284	1.0464	0.0463	0.4809	0.0233
LA_TFAP	Omega-6	-0.1018	0.118	-0.8625	0.3884	0.161	0.0369	1.0552	0.0479	0.1682	0.0309
LA_TFAP	Omega-6_TFAP	0.7553	0.0644	11.7334	8.5944e-32	0.1429	0.0242	1.0338	0.0234	0.8712	0.0222
LA_TFAP	PUFAs	-0.2427	0.1347	-1.802	0.0715	0.1788	0.0374	1.0523	0.0431	0.0416	0.0273
LA_TFAP	PUFA_TFAP	0.5015	0.23	2.1802	0.0292	0.1545	0.0232	1.0222	0.0178	0.7172	0.0187
LA	LA	0.9999	4.2033e-05	23789.8304	0.0	0.1622	0.0368	1.0493	0.048	1.0493	0.048
LA	LA_TFAP	0.0893	0.1364	0.6547	0.5127	0.1219	0.0288	1.0384	0.0292	0.3007	0.0308
LA	Omega-3	0.4528	0.1689	2.6808	0.0073	0.1652	0.0342	1.043	0.04	0.3761	0.0226
LA	Omega-3_TFAP	0.0281	0.1309	0.2144	0.8302	0.1332	0.0277	1.0394	0.0479	-0.0247	0.0169
LA	Omega-6_Omega-3_ratio	-0.1553	0.1513	-1.0269	0.3045	0.1353	0.0284	1.0464	0.0463	-0.0331	0.0197
LA	Omega-6	0.9553	0.0299	32.0022	1.0147e-224	0.161	0.0369	1.0552	0.0479	1.0212	0.0479
LA	Omega-6_TFAP	-0.4924	0.1048	-4.6981	2.6263e-06	0.1429	0.0242	1.0338	0.0234	-0.176	0.0217
LA	PUFAs	0.8706	0.0881	9.877	5.2359e-23	0.1788	0.0374	1.0523	0.0431	0.9613	0.0447
LA	PUFA_TFAP	-0.4815	0.0908	-5.3041	1.1324e-07	0.1545	0.0232	1.0222	0.0178	-0.1964	0.0166
MDD_22472876	AD_30482948	0.4619	0.1631	2.8314	0.0046	0.0861	0.0201	1.0234	0.0074	0.1079	0.0064
MDD_22472876	AUDIT_C_30336701	-0.2329	0.0824	-2.8262	0.0047	0.0848	0.0061	0.9943	0.0102	0.0035	0.0066
MDD_22472876	AUDIT_P_30336701	0.2528	0.0898	2.814	0.0049	0.0584	0.0057	1.0096	0.0103	-0.0015	0.0066
MDD_22472876	AUDIT_T_30336701	-0.1331	0.0771	-1.7272	0.0841	0.093	0.0062	0.9988	0.0102	0.0027	0.0066
MDD_22472876	CUD_33096046	0.2519	0.1032	2.4412	0.0146	0.0185	0.0019	0.9848	0.0089	0.0115	0.0066
MDD_22472876	DHA	0.0679	0.072	0.943	0.3457	0.1256	0.0261	1.039	0.0507	-0.0043	0.0072
MDD_22472876	DHA_TFAP	0.0344	0.0713	0.4828	0.6293	0.1442	0.0256	0.9936	0.0268	0.001	0.0075
MDD_22472876	INS_ukb-b-3957	0.3338	0.0711	4.6977	2.6306e-06	0.0626	0.0028	1.0299	0.0143	0.0017	0.0078
MDD_22472876	INS_2020preprint	0.3733	0.0789	4.7325	2.2175e-06	0.0473	0.0024	1.0473	0.0122	-0.0061	0.007
MDD_22472876	LA	0.0538	0.0692	0.7771	0.4371	0.191	0.0375	0.9842	0.0433	-0.0053	0.0076
MDD_22472876	LA_TFAP	0.0037	0.0706	0.0531	0.9577	0.1386	0.0255	0.9949	0.0178	0.0087	0.0065
MDD_22472876	MDD_22472876	1.0	1.8995e-06	526452.7889	0.0	0.1625	0.0298	1.0177	0.0086	1.0177	0.0086
MDD_22472876	MDD_29700475	0.8433	0.0748	11.2716	1.8130e-29	0.0787	0.0053	0.9933	0.0121	0.3087	0.0077
MDD_22472876	MDD_30718901	0.82	0.0752	10.9091	1.0430e-27	0.0616	0.0029	0.9956	0.015	0.1693	0.0078
MDD_22472876	MooD_ukb-d-KRA_PSY_MOOD	0.7659	0.1758	4.3574	1.3163e-05	0.0063	0.0015	0.9923	0.009	-0.0101	0.0063
MDD_22472876	NE_33753719	0.6862	0.079	8.6875	3.7050e-18	0.1158	0.0061	0.9956	0.0196	-0.005	0.0085
MDD_22472876	OCD_28761083	0.1026	0.1313	0.781	0.4348	0.3483	0.0527	0.9874	0.0086	0.0156	0.0065
MDD_22472876	OD_32099098	-0.0125	0.1922	-0.0648	0.9483	0.0493	0.0217	1.037	0.0099	0.0113	0.0067
MDD_22472876	Omega-3	0.0449	0.067	0.6708	0.5023	0.1574	0.0317	1.032	0.0526	-0.0043	0.007
MDD_22472876	Omega-3_TFAP	0.0445	0.0689	0.6465	0.5179	0.1255	0.0224	1.0268	0.0437	-0.0015	0.0068
MDD_22472876	Omega-6_Omega-3_ratio	-0.0311	0.0686	-0.4527	0.6508	0.1276	0.0235	1.0348	0.0449	0.0027	0.0068
MDD_22472876	Omega-6	0.0566	0.0709	0.7982	0.4247	0.1889	0.0384	0.993	0.0463	-0.0067	0.0077
MDD_22472876	Omega-6_TFAP	-0.0123	0.0719	-0.1716	0.8638	0.1609	0.0276	0.9937	0.0284	0.0111	0.007
MDD_22472876	PTSD_31594949	0.6893	0.1637	4.2105	2.5481e-05	0.017	0.0033	1.0245	0.0087	0.006	0.0063
MDD_22472876	PUFAs	0.0618	0.0684	0.9039	0.3661	0.2014	0.0411	0.999	0.0535	-0.0076	0.0077
MDD_22472876	PUFA_TFAP	0.0096	0.0701	0.1363	0.8916	0.1719	0.0259	0.982	0.0221	0.0087	0.0073
MDD_22472876	SCZ_21926974	0.4453	0.0857	5.1946	2.0521e-07	0.5552	0.0365	1.0263	0.0116	0.1495	0.0083
MDD_22472876	SCZ_23974872	0.4875	0.0765	6.3755	1.8238e-10	0.5356	0.0303	1.0193	0.0123	0.1122	0.0076
MDD_22472876	SCZ_25056061	0.497	0.0669	7.432	1.0697e-13	0.4473	0.0199	1.0407	0.0167	0.0968	0.0086
MDD_22472876	TS_30818990	0.2078	0.1035	2.0084	0.0446	0.3654	0.046	1.0122	0.01	-0.0085	0.0064
MDD_29700475	AD_30482948	0.5607	0.0892	6.2861	3.2564e-10	0.0918	0.0199	1.0197	0.0066	0.043	0.0056
MDD_29700475	AUDIT_C_30336701	-0.151	0.0419	-3.5991	0.0003	0.0828	0.0056	0.9994	0.008	-0.006	0.006
MDD_29700475	AUDIT_P_30336701	0.3468	0.0518	6.6971	2.1265e-11	0.0579	0.0051	1.0075	0.008	-0.0036	0.0058
MDD_29700475	AUDIT_T_30336701	-0.047	0.0419	-1.1227	0.2615	0.0914	0.0059	1.0021	0.008	-0.0051	0.0059
MDD_29700475	CUD_33096046	0.4334	0.0477	9.0785	1.1006e-19	0.0179	0.0017	0.9893	0.0072	0.0239	0.0062
MDD_29700475	DHA	0.1148	0.0393	2.9235	0.0035	0.1206	0.0207	1.0357	0.0375	-0.0034	0.0064
MDD_29700475	DHA_TFAP	0.1427	0.0374	3.8138	0.0001	0.1336	0.0214	1.0031	0.0212	-2.3724e-05	0.0065
MDD_29700475	INS_ukb-b-3957	0.4742	0.0303	15.6681	2.5001e-55	0.0631	0.0024	1.0178	0.0112	0.0046	0.0078
MDD_29700475	INS_2020preprint	0.4754	0.0339	14.0214	1.1531e-44	0.0483	0.0022	1.0351	0.0095	0.0039	0.0074
MDD_29700475	LA	-0.015	0.0329	-0.4567	0.6479	0.1678	0.0349	1.0268	0.0416	-0.0052	0.0062
MDD_29700475	LA_TFAP	0.0704	0.04	1.7584	0.0787	0.1194	0.0232	1.0235	0.0207	-0.0009	0.0062
MDD_29700475	MDD_29700475	1.0	4.1523e-08	2.4083e+07	0.0	0.0762	0.0046	0.9982	0.0089	0.9982	0.0089
MDD_29700475	MooD_ukb-d-KRA_PSY_MOOD	0.5505	0.0987	5.5786	2.4243e-08	0.0056	0.0014	0.9977	0.0077	0.0049	0.0059
MDD_29700475	NE_33753719	0.6905	0.0242	28.5849	1.0349e-179	0.1139	0.0053	1.0004	0.0146	0.0376	0.0075
MDD_29700475	OCD_28761083	0.2364	0.0667	3.5427	0.0004	0.3432	0.0518	0.9884	0.0072	0.0098	0.0061
MDD_29700475	OD_32099098	0.2878	0.1281	2.2472	0.0246	0.051	0.0211	1.0354	0.0093	0.0092	0.0079
MDD_29700475	Omega-3	0.0551	0.034	1.6176	0.1057	0.1534	0.0255	1.0258	0.0403	-0.0011	0.0064
MDD_29700475	Omega-3_TFAP	0.1142	0.0386	2.9567	0.0031	0.1197	0.0171	1.0245	0.0379	0.0008	0.0062
MDD_29700475	Omega-6_Omega-3_ratio	-0.0806	0.0373	-2.1638	0.0305	0.1227	0.0182	1.0297	0.0382	0.0006	0.0061
MDD_29700475	Omega-6	-0.0252	0.0321	-0.786	0.4319	0.1672	0.0356	1.0334	0.0428	-0.0045	0.0063
MDD_29700475	Omega-6_TFAP	0.0607	0.0359	1.6901	0.091	0.1465	0.0245	1.0211	0.0231	0.003	0.0064
MDD_29700475	PTSD_31594949	0.7804	0.0864	9.028	1.7483e-19	0.0166	0.003	1.0243	0.0075	0.0553	0.0055
MDD_29700475	PUFAs	-0.0057	0.0308	-0.1857	0.8527	0.1836	0.037	1.0299	0.0441	-0.005	0.0065
MDD_29700475	PUFA_TFAP	0.1016	0.0366	2.7746	0.0055	0.156	0.023	1.0107	0.0178	0.0024	0.0065
MDD_29700475	SCZ_21926974	0.3172	0.0437	7.2591	3.8971e-13	0.55	0.0338	1.0274	0.011	0.0583	0.0078
MDD_29700475	SCZ_23974872	0.33	0.0365	9.0414	1.5472e-19	0.5201	0.0275	1.024	0.0104	0.0481	0.0067
MDD_29700475	SCZ_25056061	0.3674	0.0274	13.395	6.4684e-41	0.4362	0.0176	1.0487	0.0134	0.0607	0.007
MDD_29700475	TS_30818990	0.2002	0.058	3.4516	0.0006	0.3535	0.0439	1.0161	0.0081	0.02	0.0059
MDD_30718901	AD_30482948	0.5489	0.074	7.4209	1.1630e-13	0.0968	0.0206	1.0174	0.0065	0.0228	0.0063
MDD_30718901	AUDIT_C_30336701	-0.1145	0.0341	-3.3549	0.0008	0.0834	0.0055	0.9991	0.0072	-0.031	0.0058
MDD_30718901	AUDIT_P_30336701	0.289	0.0394	7.3396	2.1428e-13	0.0593	0.0048	1.0042	0.0066	0.0283	0.006
MDD_30718901	AUDIT_T_30336701	-0.0268	0.0334	-0.8039	0.4215	0.0917	0.0057	1.0021	0.0071	-0.0172	0.0058
MDD_30718901	CUD_33096046	0.3275	0.0336	9.7462	1.9148e-22	0.0181	0.0016	0.9883	0.0064	0.0187	0.0055
MDD_30718901	DHA	0.0663	0.0277	2.3915	0.0168	0.1333	0.0331	1.0423	0.0349	0.0022	0.0064
MDD_30718901	DHA_TFAP	0.1202	0.0263	4.5673	4.9398e-06	0.1448	0.0322	1.0094	0.0237	0.0014	0.0062
MDD_30718901	INS_ukb-b-3957	0.4567	0.022	20.7815	6.3597e-96	0.0628	0.0023	1.0245	0.01	0.0954	0.0074
MDD_30718901	INS_2020preprint	0.4478	0.0254	17.6253	1.5756e-69	0.0484	0.0021	1.0356	0.0089	0.0873	0.0068
MDD_30718901	LA	-0.0414	0.0295	-1.4028	0.1607	0.1608	0.0379	1.0522	0.0505	0.0037	0.0068
MDD_30718901	LA_TFAP	0.1019	0.041	2.4848	0.013	0.1207	0.0309	1.0408	0.0304	0.0008	0.0056
MDD_30718901	MDD_29700475	0.979	0.0155	63.1792	0.0	0.0764	0.0047	0.9975	0.0089	0.4882	0.009
MDD_30718901	MDD_30718901	1.0	2.8039e-09	3.5665e+08	0.0	0.0609	0.0024	0.9952	0.01	0.9952	0.01
MDD_30718901	MooD_ukb-d-KRA_PSY_MOOD	0.4464	0.0703	6.3466	2.2010e-10	0.0057	0.0013	0.9972	0.0068	0.0352	0.0055
MDD_30718901	NE_33753719	0.6955	0.0157	44.3229	0.0	0.1137	0.0045	1.0039	0.0121	0.2513	0.0082
MDD_30718901	OCD_28761083	0.2613	0.0536	4.8789	1.0667e-06	0.329	0.05	0.9923	0.0076	0.0065	0.006
MDD_30718901	OD_32099098	0.2678	0.0928	2.8868	0.0039	0.0555	0.0205	1.0322	0.009	0.0023	0.0075
MDD_30718901	Omega-3	0.0128	0.0285	0.4495	0.6531	0.1638	0.0388	1.0461	0.0396	0.0038	0.0065
MDD_30718901	Omega-3_TFAP	0.0741	0.0282	2.6268	0.0086	0.1309	0.0317	1.0439	0.0482	0.0036	0.0063
MDD_30718901	Omega-6_Omega-3_ratio	-0.0364	0.0294	-1.2385	0.2155	0.1332	0.0325	1.0508	0.0464	-0.0032	0.0062
MDD_30718901	Omega-6	-0.0553	0.0294	-1.8807	0.06	0.1599	0.0379	1.0575	0.0504	0.0057	0.0069
MDD_30718901	Omega-6_TFAP	0.1056	0.0265	3.9761	7.0045e-05	0.1431	0.0248	1.0342	0.0243	0.0029	0.0061
MDD_30718901	PTSD_31594949	0.7272	0.0669	10.8716	1.5747e-27	0.017	0.0029	1.0232	0.0064	0.0671	0.0057
MDD_30718901	PUFAs	-0.0394	0.0276	-1.4289	0.153	0.1777	0.0388	1.0545	0.0454	0.0046	0.007
MDD_30718901	PUFA_TFAP	0.1291	0.0251	5.1536	2.5557e-07	0.1545	0.0241	1.0229	0.0184	0.0027	0.0059
MDD_30718901	SCZ_21926974	0.2752	0.0345	7.985	1.4054e-15	0.5489	0.033	1.0292	0.011	0.0381	0.0078
MDD_30718901	SCZ_23974872	0.2615	0.0297	8.7966	1.4104e-18	0.5283	0.0277	1.021	0.0096	0.0408	0.0071
MDD_30718901	SCZ_25056061	0.3115	0.0238	13.0629	5.3659e-39	0.445	0.0182	1.0413	0.0127	0.0487	0.0081
MDD_30718901	TS_30818990	0.2173	0.0419	5.1872	2.1351e-07	0.3573	0.0423	1.0171	0.008	0.0077	0.0056
MooD_ukb-d-KRA_PSY_MOOD	AD_30482948	0.2084	0.166	1.2553	0.2094	0.0938	0.0196	1.0187	0.0062	0.0083	0.0045
MooD_ukb-d-KRA_PSY_MOOD	AUDIT_C_30336701	-0.0197	0.0885	-0.2231	0.8235	0.0824	0.0055	1.0015	0.0072	-0.0081	0.0049
MooD_ukb-d-KRA_PSY_MOOD	AUDIT_P_30336701	0.1989	0.0918	2.1671	0.0302	0.0593	0.0047	1.005	0.0067	0.0087	0.0047
MooD_ukb-d-KRA_PSY_MOOD	AUDIT_T_30336701	0.0415	0.0869	0.4776	0.6329	0.091	0.0059	1.004	0.0073	-0.0054	0.005
MooD_ukb-d-KRA_PSY_MOOD	CUD_33096046	0.1655	0.1002	1.6516	0.0986	0.0178	0.0016	0.99	0.0064	0.0061	0.0048
MooD_ukb-d-KRA_PSY_MOOD	DHA	0.0984	0.0697	1.4109	0.1583	0.134	0.0281	1.0419	0.035	-0.0003	0.0047
MooD_ukb-d-KRA_PSY_MOOD	DHA_TFAP	0.1544	0.0724	2.1317	0.033	0.1446	0.0286	1.01	0.0233	-0.0019	0.005
MooD_ukb-d-KRA_PSY_MOOD	INS_ukb-b-3957	0.1651	0.0659	2.5058	0.0122	0.0626	0.0023	1.026	0.0093	0.0095	0.0054
MooD_ukb-d-KRA_PSY_MOOD	INS_2020preprint	0.21	0.0752	2.794	0.0052	0.0481	0.0021	1.038	0.0089	0.004	0.0055
MooD_ukb-d-KRA_PSY_MOOD	LA	-0.0924	0.0731	-1.2632	0.2065	0.1617	0.0376	1.0509	0.0499	-0.0004	0.0052
MooD_ukb-d-KRA_PSY_MOOD	LA_TFAP	0.0538	0.0865	0.6222	0.5338	0.1213	0.0285	1.0402	0.0302	-0.0063	0.0048
MooD_ukb-d-KRA_PSY_MOOD	MooD_ukb-d-KRA_PSY_MOOD	1.0	3.0487e-06	328009.4942	0.0	0.0058	0.0013	0.9961	0.0066	0.9961	0.0066
MooD_ukb-d-KRA_PSY_MOOD	NE_33753719	0.2622	0.0666	3.9381	8.2117e-05	0.1133	0.005	1.0059	0.0127	0.0478	0.0061
MooD_ukb-d-KRA_PSY_MOOD	OCD_28761083	0.2735	0.132	2.0725	0.0382	0.32	0.0515	0.9945	0.0074	-0.0034	0.0051
MooD_ukb-d-KRA_PSY_MOOD	OD_32099098	0.1209	0.2119	0.5707	0.5682	0.0539	0.0204	1.0329	0.009	-0.0035	0.0056
MooD_ukb-d-KRA_PSY_MOOD	Omega-3	0.0083	0.0662	0.1258	0.8999	0.1642	0.0326	1.0459	0.0402	0.0054	0.0046
MooD_ukb-d-KRA_PSY_MOOD	Omega-3_TFAP	0.0814	0.0713	1.1418	0.2536	0.1309	0.025	1.0444	0.0474	0.0041	0.0046
MooD_ukb-d-KRA_PSY_MOOD	Omega-6_Omega-3_ratio	-0.0407	0.0739	-0.5517	0.5811	0.133	0.0261	1.0514	0.0458	-0.0046	0.0046
MooD_ukb-d-KRA_PSY_MOOD	Omega-6	-0.0941	0.074	-1.2716	0.2035	0.1606	0.0377	1.0566	0.0498	0.0021	0.0053
MooD_ukb-d-KRA_PSY_MOOD	Omega-6_TFAP	0.1165	0.0836	1.3938	0.1634	0.1434	0.0245	1.0337	0.0242	-0.0052	0.0049
MooD_ukb-d-KRA_PSY_MOOD	PTSD_31594949	0.2354	0.1492	1.578	0.1146	0.0169	0.0029	1.0233	0.0065	0.0148	0.0049
MooD_ukb-d-KRA_PSY_MOOD	PUFAs	-0.0752	0.0692	-1.0864	0.2773	0.1787	0.038	1.0532	0.0448	0.0034	0.0051
MooD_ukb-d-KRA_PSY_MOOD	PUFA_TFAP	0.1346	0.079	1.7031	0.0886	0.1552	0.023	1.022	0.0182	-0.0033	0.005
MooD_ukb-d-KRA_PSY_MOOD	SCZ_21926974	0.5306	0.1091	4.8634	1.1539e-06	0.5484	0.033	1.0289	0.0109	-0.0068	0.007
MooD_ukb-d-KRA_PSY_MOOD	SCZ_23974872	0.4606	0.0897	5.134	2.8358e-07	0.5266	0.0277	1.0219	0.0097	0.0033	0.006
MooD_ukb-d-KRA_PSY_MOOD	SCZ_25056061	0.5139	0.0794	6.4688	9.8763e-11	0.4429	0.0183	1.0439	0.0129	0.0028	0.0066
MooD_ukb-d-KRA_PSY_MOOD	TS_30818990	0.096	0.122	0.7868	0.4314	0.3581	0.0429	1.0168	0.0077	-0.0063	0.0049
NE_33753719	DHA	0.0779	0.0299	2.6065	0.0091	0.134	0.0331	1.0418	0.0349	0.0032	0.0061
NE_33753719	DHA_TFAP	0.1407	0.0446	3.151	0.0016	0.1444	0.0322	1.0106	0.024	0.0003	0.0087
NE_33753719	LA	-0.0757	0.039	-1.9401	0.0524	0.161	0.0379	1.0528	0.0505	0.0047	0.0083
NE_33753719	LA_TFAP	0.062	0.035	1.7707	0.0766	0.1215	0.0309	1.0401	0.0305	-0.0033	0.0065
NE_33753719	NE_33753719	1.0	1.5989e-06	625445.2508	0.0	0.1132	0.005	1.0062	0.0129	1.0062	0.0129
NE_33753719	Omega-3	0.0156	0.0256	0.6109	0.5412	0.1647	0.0388	1.045	0.0397	0.0045	0.0059
NE_33753719	Omega-3_TFAP	0.0808	0.0303	2.672	0.0075	0.1314	0.0316	1.0437	0.0486	0.0044	0.0062
NE_33753719	Omega-6_Omega-3_ratio	-0.045	0.0259	-1.7399	0.0819	0.1336	0.0324	1.0506	0.0468	-0.0075	0.0057
NE_33753719	Omega-6	-0.0789	0.0381	-2.0694	0.0385	0.1599	0.0379	1.0582	0.0503	0.0046	0.0083
NE_33753719	Omega-6_TFAP	0.0982	0.0413	2.3802	0.0173	0.1433	0.0245	1.0342	0.0242	-0.005	0.0083
NE_33753719	PUFAs	-0.0581	0.0341	-1.7049	0.0882	0.1781	0.0389	1.0546	0.0452	0.0047	0.0078
NE_33753719	PUFA_TFAP	0.128	0.0418	3.0624	0.0022	0.155	0.0239	1.0227	0.0182	-0.0057	0.0089
OCD_28761083	AD_30482948	-0.3038	0.1502	-2.0226	0.0431	0.0899	0.0198	1.0208	0.0068	0.032	0.005
OCD_28761083	AUDIT_C_30336701	0.0807	0.0705	1.145	0.2522	0.0847	0.0057	0.9962	0.0082	-0.0177	0.0053
OCD_28761083	AUDIT_P_30336701	0.0086	0.0845	0.1018	0.9189	0.0596	0.0051	1.0047	0.0076	-0.004	0.0054
OCD_28761083	AUDIT_T_30336701	0.0736	0.0699	1.053	0.2923	0.0933	0.0059	0.9989	0.0084	-0.0164	0.0053
OCD_28761083	CUD_33096046	-0.0553	0.0756	-0.7321	0.4641	0.0184	0.0017	0.9865	0.0069	0.0095	0.0048
OCD_28761083	DHA	-0.1863	0.075	-2.4846	0.013	0.1348	0.0307	1.0374	0.0378	0.0095	0.0053
OCD_28761083	DHA_TFAP	-0.1935	0.0785	-2.4669	0.0136	0.1463	0.0313	1.0041	0.0234	0.0068	0.0057
OCD_28761083	INS_ukb-b-3957	-0.0827	0.0547	-1.5104	0.1309	0.0633	0.0024	1.0214	0.0107	0.0053	0.006
OCD_28761083	INS_2020preprint	-0.0698	0.066	-1.0571	0.2905	0.0479	0.0023	1.0405	0.0097	0.0056	0.0065
OCD_28761083	LA	0.0169	0.061	0.2771	0.7817	0.1653	0.038	1.0411	0.0519	0.0015	0.0059
OCD_28761083	LA_TFAP	0.0027	0.0708	0.0381	0.9696	0.1224	0.0306	1.0369	0.0331	-0.0053	0.0061
OCD_28761083	NE_33753719	0.3079	0.0534	5.7617	8.3278e-09	0.1141	0.005	1.0031	0.0134	-0.0005	0.0066
OCD_28761083	OCD_28761083	1.0	1.1285e-06	886133.5476	0.0	0.3206	0.0492	0.9942	0.0069	0.9942	0.0069
OCD_28761083	OD_32099098	-0.1449	0.1689	-0.858	0.3909	0.0488	0.02	1.0366	0.0093	0.0109	0.006
OCD_28761083	Omega-3	-0.1496	0.0655	-2.2829	0.0224	0.1652	0.0357	1.04	0.0418	0.012	0.0053
OCD_28761083	Omega-3_TFAP	-0.2236	0.081	-2.7611	0.0058	0.1332	0.0294	1.0359	0.0458	0.0129	0.0051
OCD_28761083	Omega-6_Omega-3_ratio	0.2176	0.0779	2.7928	0.0052	0.1345	0.0301	1.0447	0.0448	-0.0131	0.0051
OCD_28761083	Omega-6	0.0019	0.0614	0.0303	0.9758	0.1632	0.0381	1.0488	0.052	0.0032	0.006
OCD_28761083	Omega-6_TFAP	-0.0251	0.0644	-0.3897	0.6967	0.1411	0.0251	1.0364	0.0274	-0.0035	0.0065
OCD_28761083	PTSD_31594949	0.0691	0.1049	0.6584	0.5103	0.017	0.003	1.0231	0.0072	0.0014	0.0051
OCD_28761083	PUFAs	-0.0441	0.0584	-0.7553	0.45	0.1816	0.0384	1.0448	0.0478	0.0069	0.0059
OCD_28761083	PUFA_TFAP	-0.1124	0.0665	-1.6905	0.0909	0.1533	0.0242	1.0238	0.0208	0.0031	0.0066
OCD_28761083	SCZ_21926974	0.3724	0.0798	4.6665	3.0633e-06	0.5558	0.0349	1.0257	0.0113	0.0323	0.0075
OCD_28761083	SCZ_23974872	0.3736	0.0732	5.1043	3.3207e-07	0.5286	0.0285	1.0208	0.0103	0.0271	0.0075
OCD_28761083	SCZ_25056061	0.3265	0.0587	5.5663	2.6013e-08	0.4447	0.0182	1.0426	0.0135	0.0344	0.0074
OCD_28761083	TS_30818990	0.4243	0.092	4.6132	3.9661e-06	0.364	0.0413	1.0151	0.0078	0.0991	0.0056
OD_32099098	AD_30482948	0.5914	0.2207	2.6798	0.0074	0.0949	0.0228	1.0165	0.008	0.0652	0.0066
OD_32099098	AUDIT_C_30336701	0.2342	0.1102	2.1255	0.0335	0.0819	0.0062	0.9971	0.0114	-0.0044	0.007
OD_32099098	AUDIT_P_30336701	0.2658	0.131	2.0287	0.0425	0.0591	0.0054	1.0056	0.0097	0.0021	0.0068
OD_32099098	AUDIT_T_30336701	0.2472	0.1083	2.2829	0.0224	0.0912	0.0066	0.9979	0.0115	-0.0035	0.0072
OD_32099098	DHA	0.1852	0.1027	1.8037	0.0713	0.1208	0.0221	1.0451	0.0469	0.0003	0.0071
OD_32099098	DHA_TFAP	0.3214	0.1062	3.0268	0.0025	0.1352	0.0216	1.0082	0.035	-0.0048	0.0067
OD_32099098	INS_ukb-b-3957	0.206	0.0928	2.2204	0.0264	0.0631	0.0027	1.014	0.0131	0.0026	0.0076
OD_32099098	LA	-0.1452	0.1243	-1.1676	0.243	0.1558	0.0539	1.0689	0.0912	0.0098	0.0076
OD_32099098	LA_TFAP	0.0895	0.1212	0.7385	0.4602	0.1037	0.0328	1.0725	0.059	0.0056	0.0074
OD_32099098	NE_33753719	0.0859	0.0731	1.1756	0.2398	0.1141	0.0053	0.9886	0.0164	0.0061	0.0071
OD_32099098	OD_32099098	1.0	1.8564e-06	538680.6907	0.0	0.0531	0.0206	1.0337	0.0093	1.0337	0.0093
OD_32099098	Omega-3	0.118	0.0945	1.2492	0.2116	0.1561	0.0284	1.0321	0.0536	0.0017	0.0069
OD_32099098	Omega-3_TFAP	0.2916	0.106	2.7505	0.006	0.1169	0.0164	1.0412	0.06	-0.0024	0.0066
OD_32099098	Omega-6_Omega-3_ratio	-0.2334	0.1075	-2.1714	0.0299	0.1178	0.0184	1.053	0.0596	0.003	0.0067
OD_32099098	Omega-6	-0.1921	0.1346	-1.427	0.1536	0.1558	0.0539	1.0718	0.0908	0.0096	0.0079
OD_32099098	Omega-6_TFAP	0.0914	0.105	0.8704	0.3841	0.1405	0.0298	1.0361	0.0407	0.0031	0.0071
OD_32099098	PUFAs	-0.1225	0.1158	-1.0578	0.2901	0.1771	0.0511	1.0552	0.0772	0.0088	0.0077
OD_32099098	PUFA_TFAP	0.2129	0.0986	2.1599	0.0308	0.1522	0.0266	1.0223	0.03	0.0008	0.0069
Omega-3_TFAP	Omega-3_TFAP	1.0002	0.0002	5280.5657	0.0	0.1332	0.0277	1.0394	0.0479	1.0393	0.0479
Omega-3_TFAP	Omega-6_Omega-3_ratio	-0.9652	0.0114	-84.7089	0.0	0.1353	0.0284	1.0464	0.0463	-0.9762	0.0468
Omega-3_TFAP	Omega-6	0.2118	0.0664	3.1889	0.0014	0.161	0.0369	1.0552	0.0479	0.0671	0.0167
Omega-3_TFAP	Omega-6_TFAP	-0.1296	0.0586	-2.2132	0.0269	0.1429	0.0242	1.0338	0.0234	-0.1865	0.0115
Omega-3_TFAP	PUFAs	0.4288	0.0692	6.2011	5.6063e-10	0.1788	0.0374	1.0523	0.0431	0.3021	0.02
Omega-3_TFAP	PUFA_TFAP	0.3477	0.113	3.0777	0.0021	0.1545	0.0232	1.0222	0.0178	0.264	0.0129
Omega-3	Omega-3	1.0001	7.2156e-05	13859.5874	0.0	0.1652	0.0342	1.043	0.04	1.043	0.04
Omega-3	Omega-3_TFAP	0.868	0.0349	24.842	3.1524e-136	0.1332	0.0277	1.0394	0.0479	0.9068	0.0421
Omega-3	Omega-6_Omega-3_ratio	-0.945	0.0179	-52.7073	0.0	0.1353	0.0284	1.0464	0.0463	-0.9443	0.0416
Omega-3	Omega-6	0.6293	0.0732	8.5989	8.0475e-18	0.161	0.0369	1.0552	0.0479	0.4775	0.0233
Omega-3	Omega-6_TFAP	-0.5168	0.0568	-9.0913	9.7850e-20	0.1429	0.0242	1.0338	0.0234	-0.4758	0.0158
Omega-3	PUFAs	0.795	0.0316	25.1613	1.0625e-139	0.1788	0.0374	1.0523	0.0431	0.6835	0.0265
Omega-3	PUFA_TFAP	-0.0749	0.1684	-0.4444	0.6567	0.1545	0.0232	1.0222	0.0178	-0.0751	0.0131
Omega-6_Omega-3_ratio	Omega-6_Omega-3_ratio	1.0002	0.0002	6259.7595	0.0	0.1353	0.0284	1.0464	0.0463	1.0463	0.0463
Omega-6_TFAP	Omega-6_Omega-3_ratio	0.3894	0.0567	6.8625	6.7687e-12	0.1353	0.0284	1.0464	0.0463	0.4378	0.0152
Omega-6_TFAP	Omega-6_TFAP	1.0	2.8790e-05	34733.4031	0.0	0.1429	0.0242	1.0338	0.0234	1.0338	0.0234
Omega-6_TFAP	PUFAs	-0.5764	0.0863	-6.6803	2.3845e-11	0.1788	0.0374	1.0523	0.0431	-0.3409	0.0214
Omega-6_TFAP	PUFA_TFAP	0.8732	0.0615	14.2026	8.8297e-46	0.1545	0.0232	1.0222	0.0178	0.9136	0.0199
Omega-6	Omega-6_Omega-3_ratio	-0.3422	0.081	-4.224	2.4006e-05	0.1353	0.0284	1.0464	0.0463	-0.1341	0.0198
Omega-6	Omega-6	0.9999	3.9093e-05	25578.5051	0.0	0.161	0.0369	1.0552	0.0479	1.0552	0.0479
Omega-6	Omega-6_TFAP	-0.5443	0.1019	-5.3435	9.1144e-08	0.1429	0.0242	1.0338	0.0234	-0.2505	0.0224
Omega-6	PUFAs	0.9691	0.0168	57.5929	0.0	0.1788	0.0374	1.0523	0.0431	1.0141	0.045
Omega-6	PUFA_TFAP	-0.418	0.0901	-4.64	3.4835e-06	0.1545	0.0232	1.0222	0.0178	-0.2304	0.0171
PTSD_31594949	AD_30482948	0.3995	0.1503	2.6584	0.0079	0.0943	0.0203	1.0184	0.0064	0.0274	0.0046
PTSD_31594949	AUDIT_C_30336701	-0.214	0.0715	-2.9945	0.0027	0.0827	0.0051	1.0007	0.0073	-0.0227	0.005
PTSD_31594949	AUDIT_P_30336701	0.3989	0.0892	4.4697	7.8327e-06	0.0593	0.0046	1.0048	0.0066	0.0311	0.0045
PTSD_31594949	AUDIT_T_30336701	-0.0972	0.068	-1.4298	0.1528	0.0911	0.0053	1.0035	0.0072	-0.0083	0.0049
PTSD_31594949	CUD_33096046	0.4339	0.0873	4.9714	6.6484e-07	0.0175	0.0017	0.9922	0.0068	0.0301	0.0047
PTSD_31594949	DHA	0.1618	0.0689	2.3499	0.0188	0.1337	0.03	1.0414	0.032	-0.0052	0.005
PTSD_31594949	DHA_TFAP	0.1707	0.0692	2.4673	0.0136	0.1439	0.0304	1.01	0.0199	0.0001	0.0052
PTSD_31594949	INS_ukb-b-3957	0.4588	0.0615	7.4563	8.8983e-14	0.0628	0.0024	1.0249	0.0096	0.0259	0.0062
PTSD_31594949	INS_2020preprint	0.4781	0.0662	7.2267	4.9498e-13	0.0479	0.002	1.039	0.0089	0.0292	0.0059
PTSD_31594949	LA	-0.0386	0.0739	-0.5227	0.6012	0.1607	0.0381	1.0528	0.051	0.0013	0.0058
PTSD_31594949	LA_TFAP	-0.0167	0.067	-0.2495	0.8029	0.1206	0.0295	1.0398	0.0311	0.0122	0.0048
PTSD_31594949	NE_33753719	0.6298	0.07	8.9953	2.3564e-19	0.1126	0.0051	1.0093	0.0137	0.0539	0.006
PTSD_31594949	OD_32099098	0.2047	0.2188	0.9355	0.3495	0.0528	0.0206	1.0339	0.0093	0.0285	0.0061
PTSD_31594949	Omega-3	0.1604	0.0664	2.4176	0.0156	0.164	0.0349	1.045	0.0347	-0.0088	0.0047
PTSD_31594949	Omega-3_TFAP	0.2195	0.0694	3.1644	0.0016	0.1312	0.0288	1.0427	0.0372	-0.0052	0.0046
PTSD_31594949	Omega-6_Omega-3_ratio	-0.1809	0.0681	-2.6568	0.0079	0.133	0.0296	1.0499	0.0366	0.006	0.0045
PTSD_31594949	Omega-6	-0.0531	0.0731	-0.7258	0.4679	0.16	0.0381	1.0581	0.0508	9.7964e-05	0.0058
PTSD_31594949	Omega-6_TFAP	-0.0236	0.0715	-0.3299	0.7414	0.1427	0.0247	1.0345	0.0249	0.0128	0.0052
PTSD_31594949	PTSD_31594949	1.0	1.5539e-05	64357.5587	0.0	0.0166	0.003	1.0239	0.0064	1.0239	0.0064
PTSD_31594949	PUFAs	0.0006	0.0696	0.0091	0.9927	0.1778	0.0382	1.0548	0.0455	-0.0026	0.0058
PTSD_31594949	PUFA_TFAP	0.0677	0.0702	0.9645	0.3348	0.1539	0.0232	1.0233	0.0188	0.0097	0.0054
PTSD_31594949	SCZ_21926974	0.4379	0.0927	4.7236	2.3167e-06	0.5504	0.0334	1.028	0.0109	0.0035	0.0076
PTSD_31594949	SCZ_23974872	0.4008	0.0711	5.637	1.7309e-08	0.5278	0.0271	1.0209	0.0097	0.005	0.0062
PTSD_31594949	SCZ_25056061	0.33	0.0553	5.9623	2.4872e-09	0.4413	0.0183	1.0448	0.0129	0.0242	0.0067
PTSD_31594949	TS_30818990	-0.1021	0.099	-1.0316	0.3022	0.3598	0.0423	1.0161	0.0079	0.0228	0.0051
PUFA_TFAP	Omega-6_Omega-3_ratio	-0.0874	0.1554	-0.5626	0.5737	0.1353	0.0284	1.0464	0.0463	0.0074	0.0146
PUFA_TFAP	PUFA_TFAP	1.0	1.6924e-05	59086.1599	0.0	0.1545	0.0232	1.0222	0.0178	1.0222	0.0178
PUFAs	Omega-6_Omega-3_ratio	-0.5538	0.0677	-8.1804	2.8292e-16	0.1353	0.0284	1.0464	0.0463	-0.3671	0.0224
PUFAs	PUFAs	1.0	1.9957e-05	50107.6224	0.0	0.1788	0.0374	1.0523	0.0431	1.0523	0.0431
PUFAs	PUFA_TFAP	-0.3341	0.1179	-2.8338	0.0046	0.1545	0.0232	1.0222	0.0178	-0.2114	0.0159
SCZ_21926974	AD_30482948	0.293	0.0857	3.4173	0.0006	0.0852	0.0211	1.0235	0.0081	0.048	0.0067
SCZ_21926974	AUDIT_C_30336701	0.0136	0.0459	0.2957	0.7675	0.0844	0.0062	0.9933	0.0107	-0.002	0.0076
SCZ_21926974	AUDIT_P_30336701	0.2108	0.0527	4.0032	6.2504e-05	0.0574	0.0056	1.0103	0.0091	-0.0042	0.0071
SCZ_21926974	AUDIT_T_30336701	0.0555	0.0434	1.2799	0.2006	0.0925	0.0064	0.9977	0.0105	-0.002	0.0077
SCZ_21926974	CUD_33096046	0.304	0.0598	5.0862	3.6526e-07	0.0179	0.0019	0.9896	0.0096	0.0047	0.0074
SCZ_21926974	DHA	-0.0857	0.048	-1.7845	0.0743	0.1216	0.0247	1.0491	0.0543	0.0051	0.0088
SCZ_21926974	DHA_TFAP	-0.1416	0.0486	-2.9117	0.0036	0.1384	0.0238	1.0106	0.0371	0.0134	0.0087
SCZ_21926974	INS_ukb-b-3957	-0.0135	0.0382	-0.3529	0.7242	0.0629	0.0027	1.0199	0.014	0.0045	0.0092
SCZ_21926974	INS_2020preprint	-0.0068	0.0424	-0.1613	0.8718	0.0482	0.0025	1.0348	0.0133	-0.0019	0.0085
SCZ_21926974	LA	0.0578	0.0476	1.216	0.224	0.1957	0.0372	0.9653	0.041	-0.0115	0.0085
SCZ_21926974	LA_TFAP	-0.0689	0.0421	-1.6352	0.102	0.1359	0.0254	1.0015	0.0195	0.009	0.0073
SCZ_21926974	NE_33753719	0.1943	0.0427	4.5483	5.4084e-06	0.1153	0.0053	0.994	0.0174	0.0017	0.0101
SCZ_21926974	OD_32099098	0.2566	0.1149	2.2345	0.0255	0.0478	0.0214	1.0369	0.01	0.0058	0.0077
SCZ_21926974	Omega-3	-0.031	0.0448	-0.6918	0.489	0.1559	0.0306	1.0391	0.0585	0.0011	0.0088
SCZ_21926974	Omega-3_TFAP	-0.1047	0.0447	-2.3435	0.0191	0.1201	0.0199	1.0438	0.0607	0.0093	0.0084
SCZ_21926974	Omega-6_Omega-3_ratio	0.0685	0.0444	1.5443	0.1225	0.1236	0.0214	1.0486	0.0595	-0.0038	0.0084
SCZ_21926974	Omega-6	0.0605	0.048	1.262	0.2069	0.1945	0.0373	0.9706	0.0431	-0.0127	0.0086
SCZ_21926974	Omega-6_TFAP	-0.087	0.0462	-1.8823	0.0598	0.1583	0.0262	0.9948	0.0276	0.0121	0.008
SCZ_21926974	PUFAs	0.0443	0.0463	0.9569	0.3386	0.2057	0.0398	0.9805	0.0493	-0.0111	0.0088
SCZ_21926974	PUFA_TFAP	-0.1206	0.0455	-2.6531	0.008	0.1691	0.0246	0.9865	0.022	0.0161	0.008
SCZ_21926974	SCZ_21926974	1.0	2.9189e-08	3.4259e+07	0.0	0.5489	0.0329	1.0287	0.011	1.0287	0.011
SCZ_21926974	SCZ_23974872	1.0091	0.008	125.7858	0.0	0.5351	0.028	1.0196	0.012	0.8007	0.0106
SCZ_21926974	SCZ_25056061	0.9963	0.0183	54.4433	0.0	0.4488	0.0195	1.0317	0.0156	0.4784	0.0109
SCZ_21926974	TS_30818990	0.0945	0.0637	1.4823	0.1383	0.3761	0.0457	1.007	0.0101	0.0007	0.0078
SCZ_23974872	AD_30482948	0.3132	0.071	4.4138	1.0157e-05	0.0914	0.0203	1.0194	0.0072	0.0383	0.0052
SCZ_23974872	AUDIT_C_30336701	-0.0028	0.0369	-0.0757	0.9397	0.0831	0.0058	0.9989	0.0091	0.0004	0.0063
SCZ_23974872	AUDIT_P_30336701	0.2051	0.0435	4.7129	2.4420e-06	0.0573	0.0051	1.0089	0.0079	-0.0046	0.0063
SCZ_23974872	AUDIT_T_30336701	0.037	0.0354	1.0439	0.2965	0.0911	0.0059	1.0026	0.009	0.0006	0.0063
SCZ_23974872	CUD_33096046	0.2923	0.0489	5.9808	2.2198e-09	0.0178	0.0018	0.9907	0.008	0.0074	0.0061
SCZ_23974872	DHA	-0.0795	0.0362	-2.1969	0.028	0.1325	0.0274	1.0345	0.0419	0.0046	0.0069
SCZ_23974872	DHA_TFAP	-0.1253	0.0398	-3.1483	0.0016	0.1431	0.028	1.0045	0.0283	0.0134	0.0076
SCZ_23974872	INS_ukb-b-3957	-0.0038	0.0304	-0.1236	0.9016	0.0629	0.0027	1.0215	0.0123	-0.0011	0.0076
SCZ_23974872	INS_2020preprint	0.0031	0.0321	0.0959	0.9236	0.0479	0.0023	1.0379	0.0106	-0.0037	0.0071
SCZ_23974872	LA	0.0585	0.0361	1.6232	0.1046	0.182	0.0351	1.0012	0.0381	-0.0143	0.0073
SCZ_23974872	LA_TFAP	-0.0402	0.0334	-1.2052	0.2281	0.1317	0.0267	1.012	0.018	0.0064	0.0066
SCZ_23974872	NE_33753719	0.1775	0.037	4.8027	1.5656e-06	0.1155	0.0051	0.9913	0.0148	0.0033	0.0091
SCZ_23974872	OD_32099098	0.2472	0.0964	2.5647	0.0103	0.0531	0.0214	1.0339	0.0097	0.0036	0.0079
SCZ_23974872	Omega-3	-0.0407	0.0333	-1.2202	0.2224	0.1642	0.0327	1.0315	0.0468	0.0017	0.0072
SCZ_23974872	Omega-3_TFAP	-0.1071	0.0365	-2.9309	0.0034	0.129	0.0242	1.034	0.0523	0.0117	0.0074
SCZ_23974872	Omega-6_Omega-3_ratio	0.0846	0.0364	2.3227	0.0202	0.1319	0.0251	1.0395	0.0507	-0.0063	0.0075
SCZ_23974872	Omega-6	0.0587	0.036	1.6303	0.103	0.1811	0.0353	1.0063	0.0392	-0.0145	0.0073
SCZ_23974872	Omega-6_TFAP	-0.0656	0.0389	-1.6846	0.0921	0.1504	0.0251	1.0134	0.0226	0.0128	0.0074
SCZ_23974872	PUFAs	0.0391	0.034	1.1503	0.25	0.1966	0.0374	1.0081	0.0421	-0.0123	0.0072
SCZ_23974872	PUFA_TFAP	-0.1028	0.0382	-2.6925	0.0071	0.1603	0.0243	1.0059	0.018	0.0171	0.0075
SCZ_23974872	SCZ_23974872	1.0	1.7777e-07	5.6253e+06	0.0	0.5273	0.0279	1.0208	0.0096	1.0208	0.0096
SCZ_23974872	SCZ_25056061	1.0219	0.0109	93.5751	0.0	0.4506	0.0184	1.0355	0.0135	0.5977	0.0099
SCZ_23974872	TS_30818990	0.1056	0.0515	2.0504	0.0403	0.3712	0.0445	1.0116	0.0092	0.0004	0.0069
SCZ_25056061	AD_30482948	0.3562	0.0551	6.4691	9.8591e-11	0.099	0.0193	1.0161	0.0069	0.0591	0.0058
SCZ_25056061	AUDIT_C_30336701	0.0009	0.03	0.0302	0.9759	0.0828	0.0057	1.0	0.0079	-0.0072	0.0068
SCZ_25056061	AUDIT_P_30336701	0.2238	0.0351	6.3815	1.7542e-10	0.0577	0.0049	1.0079	0.0075	-0.0055	0.0071
SCZ_25056061	AUDIT_T_30336701	0.0515	0.0291	1.7677	0.0771	0.0911	0.006	1.0032	0.008	-0.0073	0.007
SCZ_25056061	CUD_33096046	0.3122	0.0369	8.4625	2.6170e-17	0.018	0.0017	0.9884	0.0073	0.0089	0.0061
SCZ_25056061	DHA	-0.0777	0.0295	-2.6293	0.0086	0.1347	0.0276	1.0374	0.0426	0.0128	0.0073
SCZ_25056061	DHA_TFAP	-0.098	0.0343	-2.8595	0.0042	0.1439	0.0286	1.0092	0.0295	0.018	0.0086
SCZ_25056061	INS_ukb-b-3957	0.0076	0.0254	0.2996	0.7645	0.0629	0.0025	1.0226	0.0109	0.0024	0.0084
SCZ_25056061	INS_2020preprint	0.0279	0.0267	1.0481	0.2946	0.0479	0.0022	1.0397	0.0097	-0.0028	0.0075
SCZ_25056061	LA	0.0344	0.0304	1.1294	0.2587	0.1758	0.0348	1.0206	0.0389	-0.0076	0.008
SCZ_25056061	LA_TFAP	-0.008	0.0276	-0.2893	0.7723	0.1293	0.0263	1.0219	0.0216	0.0066	0.0063
SCZ_25056061	NE_33753719	0.189	0.0289	6.544	5.9895e-11	0.1149	0.0055	0.9961	0.0151	0.0092	0.0103
SCZ_25056061	OD_32099098	0.1634	0.0806	2.0284	0.0425	0.0535	0.0201	1.0334	0.009	0.0156	0.0081
SCZ_25056061	Omega-3	-0.0491	0.0264	-1.8612	0.0627	0.1661	0.032	1.0381	0.0495	0.0112	0.0071
SCZ_25056061	Omega-3_TFAP	-0.0869	0.0294	-2.9542	0.0031	0.1301	0.0236	1.0421	0.0583	0.018	0.0076
SCZ_25056061	Omega-6_Omega-3_ratio	0.0755	0.0285	2.6523	0.008	0.1333	0.0246	1.0469	0.0563	-0.0128	0.0072
SCZ_25056061	Omega-6	0.0262	0.0299	0.877	0.3805	0.1748	0.0351	1.0258	0.0397	-0.0064	0.0078
SCZ_25056061	Omega-6_TFAP	-0.0339	0.0325	-1.0421	0.2974	0.1487	0.025	1.0202	0.0221	0.0128	0.0075
SCZ_25056061	PUFAs	0.0109	0.0279	0.3907	0.696	0.1919	0.0369	1.0247	0.0407	-0.0033	0.0075
SCZ_25056061	PUFA_TFAP	-0.0709	0.0323	-2.1928	0.0283	0.1584	0.0244	1.0136	0.0176	0.0218	0.008
SCZ_25056061	SCZ_25056061	1.0	1.3641e-07	7.3310e+06	0.0	0.4441	0.0181	1.0403	0.0129	1.0403	0.0129
SCZ_25056061	TS_30818990	0.0728	0.0406	1.7942	0.0728	0.3664	0.0418	1.0134	0.0077	0.0196	0.0069
TS_30818990	AD_30482948	-0.0259	0.1212	-0.2135	0.8309	0.0881	0.0199	1.0216	0.0065	0.0196	0.0052
TS_30818990	AUDIT_C_30336701	-0.1717	0.0632	-2.7168	0.0066	0.0837	0.0053	0.9988	0.0077	0.0066	0.0058
TS_30818990	AUDIT_P_30336701	-0.1053	0.0709	-1.4849	0.1376	0.0597	0.0048	1.0038	0.007	0.0013	0.0051
TS_30818990	AUDIT_T_30336701	-0.161	0.062	-2.5963	0.0094	0.0926	0.0056	1.0005	0.0078	0.0052	0.0058
TS_30818990	CUD_33096046	0.055	0.0677	0.8128	0.4164	0.0179	0.0017	0.9893	0.0067	0.0098	0.005
TS_30818990	DHA	-0.0326	0.0473	-0.6898	0.4903	0.1317	0.0283	1.0436	0.0404	0.0095	0.0048
TS_30818990	DHA_TFAP	0.0357	0.0472	0.7574	0.4488	0.1435	0.0288	1.0099	0.0269	0.0007	0.0048
TS_30818990	INS_ukb-b-3957	0.1512	0.0449	3.3697	0.0008	0.0629	0.0023	1.0234	0.0106	-0.0009	0.0067
TS_30818990	INS_2020preprint	0.1439	0.0512	2.8114	0.0049	0.048	0.0021	1.0382	0.0092	2.5010e-05	0.0065
TS_30818990	LA	-0.1003	0.0492	-2.0381	0.0415	0.1597	0.0385	1.0541	0.052	0.011	0.0053
TS_30818990	LA_TFAP	0.0323	0.0569	0.5674	0.5704	0.1184	0.0298	1.0443	0.0343	-0.01	0.0054
TS_30818990	NE_33753719	0.1718	0.0441	3.8919	9.9469e-05	0.1139	0.0045	1.0025	0.0128	-0.0031	0.0065
TS_30818990	OD_32099098	-0.2606	0.1547	-1.6845	0.0921	0.0526	0.0206	1.0339	0.0091	0.0245	0.0072
TS_30818990	Omega-3	-0.0364	0.0465	-0.7821	0.4342	0.1626	0.0332	1.0452	0.0462	0.0132	0.0051
TS_30818990	Omega-3_TFAP	0.028	0.0529	0.5303	0.5959	0.1302	0.0256	1.0423	0.0548	0.0056	0.005
TS_30818990	Omega-6_Omega-3_ratio	0.001	0.0545	0.0188	0.985	0.1311	0.0264	1.0515	0.0532	-0.0095	0.0051
TS_30818990	Omega-6	-0.1147	0.0494	-2.3208	0.0203	0.1586	0.0386	1.0599	0.0522	0.0127	0.0052
TS_30818990	Omega-6_TFAP	0.047	0.0539	0.8732	0.3825	0.1411	0.0248	1.0373	0.0272	-0.0145	0.0056
TS_30818990	PUFAs	-0.105	0.0453	-2.3208	0.0203	0.1771	0.0389	1.0554	0.0474	0.0144	0.0053
TS_30818990	PUFA_TFAP	0.0622	0.0496	1.2541	0.2098	0.1527	0.0237	1.0259	0.0207	-0.0125	0.0056
TS_30818990	TS_30818990	1.0	1.2229e-08	8.1771e+07	0.0	0.3618	0.0428	1.0154	0.0078	1.0154	0.0078
